:020000040800F2
:100000007016002049010008090D00086D0C000859
:10001000050D0008F70900088B1300080000000018
:10002000000000000000000000000000090F0008B0
:10003000FB09000800000000910D00081D100008D9
:100040006301000863010008630100086301000800
:1000500063010008630100086301000863010008F0
:1000600063010008630100086301000863010008E0
:1000700063010008630100086301000863010008D0
:1000800063010008630100086301000863010008C0
:1000900063010008630100086301000863010008B0
:1000A00063010008630100086301000863010008A0
:1000B0006301000863010008630100086301000890
:1000C0006301000863010008630100086301000880
:1000D00063010008C91000086301000863010008FB
:1000E0006301000863010008630100086301000860
:1000F0006301000863010008630100086301000850
:10010000630100086301000863010008630100083F
:10011000630100086301000863010008630100082F
:10012000630100086301000863010008630100081F
:10013000DFF810D000F094FB00480047C9A3000886
:10014000AFF300807016002006488047064800473D
:10015000FEE7FEE7FEE7FEE7FEE7FEE7FEE7FEE777
:10016000FEE7FEE7691000083101000840EA0103DC
:100170009B0703D009E008C9121F08C0042AFAD25D
:1001800003E011F8013B00F8013B521EF9D2704721
:10019000D2B201E000F8012B491EFBD270470022C9
:1001A000F6E710B513460A4604461946FFF7F0FF76
:1001B000204610BD421C10F8011B0029FBD1801AFB
:1001C000704710B5002200E0521C835C8C5CA34297
:1001D00001D1002BF8D1D8B2E1B2401A10BD30B530
:1001E00004460020034600E05B1C934203D2E05C1F
:1001F000CD5C401BF8D030BDF0B480EA0102D40FD2
:100200004200B2EB410F02D20246084611464A00B4
:1002100042D0C30DDDB2C1F3C752AD1A202D35DA7D
:10022000C1F3160141F4000204B15242C5F12006A7
:1002300002FA06F12A411044B3EBD05F23D0C4B1D7
:10024000012DA0EBC35009DCF0BC4FF0004202EAE4
:10025000C352DBB200F5000000F01CB9400000F111
:10026000807000EBC350A0F1807040EAD17049006B
:1002700009E0490841EAC071A0EBC35000F5000055
:10028000400800EBC350F0BC00F0FBB86142012213
:1002900002EB4101001BF6E7F0BC704781F0004122
:1002A000AAE780F00040A7E780EA010210B502F05B
:1002B0000043400022D04A001FD0010E01EB126122
:1002C000C0F35600C2F3560240F4000042F40002AC
:1002D000A0FB022000047F39140400D0401C50EA27
:1002E000124001D44000491EC2B20C0604EBD010EB
:1002F000401C4008802A02D003E0002010BD20F0FE
:100300000100002900DA0020184310BD30B480EA53
:10031000010202F0004530F0004221F0004013D00D
:1003200090B1C30DD40DC2F31601C0F31600E41A48
:1003300041F4000140F400027D34914201D3641C79
:1003400000E04900002C02DA30BC002070474FF476
:1003500000000023914201D3891A034340084FEA69
:100360004101F7D151B1914202D14FF0004105E076
:1003700002D24FF0010101E06FF0010103EBC45024
:10038000284430BC00F07DB8C10F80EAE07008441A
:10039000CA079623002100F07DB89623002211465B
:1003A00000F078B800F0004230F000400AD0C10DF3
:1003B00001F56071C0F3160042EA0151C20840071E
:1003C000114370470020014670470000002801DB00
:1003D000C0F10040002901DBC1F1004181427047BA
:1003E000002801DBC0F10040002901DBC1F1004120
:1003F0008842704730B50B46014600202022012478
:1004000009E021FA02F59D4205D303FA02F5491BE2
:1004100004FA02F52844151EA2F10102F1DC30BDF8
:100420002DE9F05F0546002092469B468846064629
:10043000814640241BE0284641464746224600F0BC
:1004400030FA53465A46C01A914110D31146184605
:10045000224600F017FA2D1A67EB01084F46224694
:100460000120002100F00EFA17EB00094E41201E7A
:10047000A4F10104DFDC484631462A464346BDE884
:10048000F09F0029A8BF7047401C490008BF20F01A
:100490000100704710B4B0FA80FC00FA0CF050EA8A
:1004A000010404BF10BC704749B1CCF1200421FA0B
:1004B00004F411FA0CF118BF012121430843A3EB06
:1004C0000C01CB1D4FEA00614FEA102042BF002013
:1004D00010BC704700EBC35010440029A4BF10BCEF
:1004E0007047401C490008BF20F0010010BC704755
:1004F0002DE9FE4F804681EA0300C00F0C460090B4
:1005000021F0004123F00045B8EB0200A94105D2DB
:100510004046214690461C460B46024623F00040CA
:10052000104347D0270DC7F30A00C3F30A510290C6
:10053000401A019040286BDAC3F3130040F4801B8B
:100540000098924620B10023D2EB030A63EB0B0B19
:1005500001985946C0F14002504600F093F9064612
:100560000D4650465946019A00F0ABF910EB0800D1
:100570006141002487EA115284EAE7731A4340D0AC
:10058000009A62B3019A012A4FEA075215DC001B58
:1005900061EB02014FF0004202EA0752CDE900424E
:1005A000001C41F5801132462B4600F0ABF903B038
:1005B000BDE8F08F40462146F9E7001B61EB0201E0
:1005C000001C41F5801300185B412018A2F50017AC
:1005D00047EB030140EAD570B6196D4111E06D0893
:1005E0004FEA360645EAC0754FEA0752001B61EB39
:1005F0000201001C41F5801149084FEA3000001942
:10060000514132462B4603B0BDE8F04F00F06BB9C4
:100610000098012240000023D0EB020263EBE0735C
:10062000009821464FEAE074B8EB000061EB04014A
:10063000E9E783F000435BE781F0004158E72DE9EB
:10064000FE4F81EA030404F0004421F000410094CD
:100650004FF0000B23F0004350EA01045ED052EA51
:1006600003045BD0C3F30A54C1F30A552C44A4F22B
:10067000F3340194A0FB0254C1F3130141F480113F
:10068000C3F3130343F4801301FB024400FB034E46
:10069000840A970A44EA815447EA8357A4FB07680F
:1006A00002958D0A05FB07854FEA932C04FB0C5439
:1006B0002705029D4FEA065847EA1637B5EB0805AD
:1006C0006EEB070C870E920E47EA811742EA8312FF
:1006D000A7FB0201B6EB0B0164EB00042B0D43EA10
:1006E0000C335E1844EB1C50DA465146E7FB02011E
:1006F000C5F313044FEA0B3343EA14534FEA0432B1
:10070000019C43EA0603A4F10C040294009CCDE989
:1007100000B400F0F7F803B0BDE8F08F0020014608
:10072000F9E72DE9F04D81EA030404F0004B21F0D4
:10073000004514464FF0000A23F0004150EA05023C
:1007400020D054EA01021DD0C5F30A570246C5F372
:100750001303C1F31300C1F30A5640F4801543F4A8
:100760008013A7EB0608101BD64608F2FD3873EB82
:10077000050002D308F1010801E092185B41B8F1CD
:10078000000F03DA00200146BDE8F08D00204FF491
:100790008011064684460EE0171B73EB050705D350
:1007A000121B63EB050306434CEA010C49084FEAB0
:1007B000300092185B4150EA0107EDD152EA030084
:1007C00012D082EA040083EA0501084305D0101B19
:1007D000AB4106D20122002306E000224FF0004385
:1007E00002E06FF0010253101AEB06004CEB0851C7
:1007F00010EB0A0041EB0B01BDE8F04D00F073B8BF
:10080000C1F30A52C1F3130140F2FF3341F48011E6
:100810009A4202DA00200146704740F233439A427E
:10082000A2F2334202DC524200F03BB800F02AB898
:1008300030B5041E71F1000404DB4FF00044404267
:1008400064EB0101141E73F1000405DB1C464FF03C
:100850000043524263EB0403994208BF904230BD0B
:10086000064C074D06E0E06840F0010394E80700FD
:1008700098471034AC42F6D3FFF75EFCA0B00008F6
:10088000C0B00008202A04DB203A00FA02F1002060
:1008900070479140C2F1200320FA03F319439040BE
:1008A0007047202A04DB203A21FA02F00021704729
:1008B00021FA02F3D040C2F12002914008431946C8
:1008C0007047202A06DBCB17203A41FA02F043EAB0
:1008D000E07306E041FA02F3D040C2F120029140F9
:1008E00008431946704710B5141E73F1000408DA66
:1008F000401C41F1000192185B411A4301D120F0E4
:10090000010010BD2DE9F04D92469B4611B1B1FAA0
:1009100081F202E0B0FA80F220329046FFF7B2FF97
:1009200004460F4640EA0A0041EA0B0153465A4684
:10093000084313D0114653EA010019D0C8F1400210
:100940005046FFF7AEFF05460E4650465946424612
:10095000FFF798FF084305D0012004E02046394600
:10096000BDE8F08D0020054346EAE0762C4337438E
:100970000A986305E40AA0EB08000022FD0A44EA95
:1009800047540A3002D500200146E9E70105101955
:100990006941DDE9084500196941BDE8F04DA2E76C
:1009A00070B58C1810F8015B15F0070301D110F831
:1009B000013B2A1106D110F8012B03E010F8016B5E
:1009C00001F8016B5B1EF9D12B0705D40023521EE1
:1009D0000DD401F8013BFAE710F8013BCB1A921C49
:1009E00003E013F8015B01F8015B521EF9D5A14247
:1009F000D8D3002070BD00BFFEE770470149C86032
:100A0000704700000020024030B5044604254FF432
:100A1000302000F085F80546042D17D10C480069F8
:100A200040F002000A49086108464461006940F04C
:100A3000400008614FF4302000F072F80546044889
:100A4000006941F6FD71084001490861284630BD42
:100A50000020024004200B49C96801F0010109B1DE
:100A600001200EE00749C96801F0040109B1022024
:100A700007E00449C96801F0100109B1032000E052
:100A800004207047002002400348006940F08000C5
:100A900001490861704700000020024078B5064611
:100AA0000C46042500200090E80200F039F80546C5
:100AB000042D24D11348006940F001001149086158
:100AC0003480E80200F02CF80546042D10D1B01C4B
:100AD0000090200C00990880E80200F021F80546FB
:100AE0000848006941F6FE7108400649086106E0C1
:100AF0000448006941F6FE71084002490861284631
:100B000078BD0000002002400248034948600348C5
:100B1000486070472301674500200240AB89EFCD54
:100B200000B502460423FFF795FF034603E0FFF7F5
:100B300091FF0346521E012B01D1002AF7D102B9C1
:100B40000523184600BD2DE9F04102460025002688
:100B5000002000230024002791F803C00CF00F05AB
:100B600091F803C00CF0100CBCF1000F03D091F809
:100B700002C04CEA050591F800C0BCF1000F31D06D
:100B8000146800202BE04FF0010C0CFA00F3B1F8D0
:100B900000C00CEA03069E4220D183004FF00F0CE8
:100BA0000CFA03F7BC4305FA03FC4CEA040491F881
:100BB00003C0BCF1280F06D14FF0010C0CFA00FC69
:100BC000C2F814C00AE091F803C0BCF1480F05D187
:100BD0004FF0010C0CFA00FCC2F810C0401C0828B1
:100BE000D1D31460B1F800C0BCF1FF0F34DD5468FC
:100BF00000202EE000F1080C4FF0010808FA0CF379
:100C0000B1F800C00CEA03069E4221D183004FF0E8
:100C10000F0C0CFA03F7BC4305FA03FC4CEA04047E
:100C200091F803C0BCF1280F05D100F1080C08FAB7
:100C30000CF8C2F8148091F803C0BCF1480F07D13A
:100C400000F1080C4FF0010808FA0CF8C2F8108007
:100C5000401C0828CED35460BDE8F0810161704784
:100C600001480068704700003000002000BFFEE728
:100C700030B5144800684FF47A72B0FBF2F1B1F16C
:100C8000807F00D31DE021F07F40401E4FF0E02226
:100C9000506150170F22002807DA13071D0E0A4B68
:100CA00000F00F04241F1D5503E013071C0E074B13
:100CB0001C5400BF00204FF0E0229061072010611B
:100CC00000BF30BD1400002018ED00E000E400E09B
:100CD00008B50121102000F05DF8FF20ADF80000FC
:100CE00010208DF8030003208DF8020069460448A7
:100CF000FFF729FFFF210248FFF7B0FF08BD000002
:100D00000010014000BFFEE77047000070B50021F1
:100D100000230F22C47804B3154C246804F4E06463
:100D2000C4F5E064210AC1F10403CA40447804FA1E
:100D300003F184781440214309010E4C0678A15533
:100D4000047804F01F050124AC4005786D11AD0056
:100D500005F1E025C5F8004109E0047804F01F051D
:100D60000124AC40044D0678761145F8264070BD4C
:100D70000CED00E000E400E080E100E00249014306
:100D8000024A1160704700000000FA050CED00E017
:100D90007047000029B1064A92690243044B9A61E8
:100DA00004E0034A92698243014B9A617047000054
:100DB0000010024030B500210022002400232D4DF8
:100DC0006D6805F00C0121B1042905D0082923D153
:100DD00005E0294D056022E0274D05601FE0254D07
:100DE0006D6805F47012234D6D6805F4803402259A
:100DF00005EB92421CB9214D554305600BE01D4D9A
:100E00006D6805F400351DB11C4D5543056002E0C9
:100E1000194D5543056002E0174D056000BF00BF46
:100E2000144D6D6805F0F0010909154D6B5C0568FE
:100E3000DD4045600F4D6D6805F4E061090A104D15
:100E40006B5C4568DD4085600A4D6D6805F4605156
:100E5000C90A0B4D6B5C4568DD40C560054D6D688A
:100E600005F44041890B074D6B5CC568B5FBF3F594
:100E7000056130BD0010024000127A0000093D00FB
:100E800000000020100000202DE9F04707468846AA
:100E900000BFDFF870A09AF80000532801D000F0DE
:100EA00077FA00BFEFF311810846202181F3118802
:100EB00000BF00BF07EB47021249183101EBC20423
:100EC000E1684D1CA168A94200D100256169022991
:100ED00003D100BF2169A942FCD02169A94208D0F1
:100EE000E268616801EB020989F80080E56001268B
:100EF00000E00026C1B281F3118800BF00BF304678
:100F0000BDE8F0879C010020704710B500F002F8A2
:100F100010BD00000CB5002001900090334800681F
:100F200040F480303149086000BF3048006800F468
:100F3000003000900198401C0190009818B9019869
:100F4000B0F5A06FF1D12948006800F4003010B16D
:100F50000120009001E0002000900098012843D17A
:100F60002348006840F010002149086008460068E6
:100F700020F0030008600846006840F002000860A6
:100F80001A48406819494860084640684860084661
:100F9000406840F4806048600846406820F47C1057
:100FA00048600846406840F4E81048600846006819
:100FB00040F08070086000BF0C48006800F00070CE
:100FC0000028F9D00948406820F00300074948602C
:100FD0000846406840F00200486000BF034840688F
:100FE00000F00C000828F9D10CBD000000100240F0
:100FF00000200240042808D14FF0E021096941F0A7
:1010000004014FF0E022116107E04FF0E02109698F
:1010100021F004014FF0E02211617047024800689E
:10102000401C0149086070473000002010B504469C
:101030006FF00400FFF7DEFFE11704EB5171C1F31D
:10104000C701074A11701046007800EB4001C1EB60
:10105000C0104FF6FF7101EAC0000249088010BDC0
:10106000280000202A00002010B51348006840F036
:1010700001001149086008464068104908400E49BF
:101080004860084600680E4908400B490860084659
:10109000006820F4802008600846406820F4FE00C4
:1010A00048604FF41F008860FFF72FFF4FF000608B
:1010B0000449086010BD0000001002400000FFF865
:1010C000FFFFF6FE08ED00E010B540F225510C4898
:1010D00000F096F870B10A4800F04EF9C4B221460B
:1010E000074800F04EF900BF4021054800F07BF8AA
:1010F0000128F9D14021024800F060F810BD00003D
:101100000038014010B586B0044601210420FFF7E5
:1011100041FE01218803FFF73DFE01210846FFF74C
:1011200039FE4FF40070ADF8140003208DF816005E
:1011300018208DF8170005A91E48FFF704FD4FF48D
:101140008060ADF8140004208DF8170005A9194837
:10115000FFF7F9FC01940020ADF80800ADF80A0093
:10116000ADF80C00ADF810000C20ADF80E0001A990
:10117000114800F095F801210F4800F028F84021AF
:101180000D4800F01BF8012240F225510A4800F0FA
:1011900061F825208DF8000003208DF801008DF8FE
:1011A000020001208DF803006846FFF7AFFD06B08E
:1011B00010BD0000000801400038014001F4007239
:1011C000B2F5007F00D100BFCA430280704721B151
:1011D000828942F40052828104E082894DF6FF73D5
:1011E0001A408281704702460020B1F5007F00D18D
:1011F00000BF13880B400BB1012000E000207047B6
:1012000070B50246002400230025002040F66A162F
:10121000B14200D100BFC1F3421501F01F03012606
:1012200006FA03F3012D02D19689334006E0022D20
:1012300002D1168A334001E0968A33400C1201260F
:1012400006FA04F41688344013B10CB1012000E012
:10125000002070BDF0B503460024002600250020C4
:1012600040F66A17B94200D100BF1846C1F34214D4
:1012700001F01F06012707FA06F5012C01D10C30F9
:1012800004E0022C01D1103000E014301AB10768DC
:101290002F43076002E00768AF430760F0BD00001E
:1012A0002DE9F04786B005460E460024A24600BF51
:1012B000A1460027B08900B100BF2F462C8A4CF60A
:1012C000FF700440F08804432C82AC894EF6F31082
:1012D0000440B08831890843718908430443AC81D4
:1012E000AC8A4FF6FF400440B0890443AC8201A8A9
:1012F000FFF760FD1F48874202D1DDF810A001E032
:10130000DDF80CA0A88900F4004040B10AEBCA0047
:1013100000EB0A1031684900B0FBF1F807E00AEB76
:10132000CA0000EB0A1031688900B0FBF1F86420B4
:10133000B8FBF0F004012009642101FB1089A889A1
:1013400000F4004040B1322000EBC900B0FBF1F0E6
:1013500000F00700044308E0322000EB091064218C
:10136000B0FBF1F000F00F0004432C8106B0BDE8A3
:10137000F08700000038014001468888C0F308006B
:101380007047C1F308028280704700BFFEE700008B
:1013900070B5154CA8212046FEF701FF03202061FF
:1013A000606112A0A0611449E1614FF48061216283
:1013B0000021A16261620121E1620CA020660F4957
:1013C00061661021A16600212167E1660121616744
:1013D000002505E0C5F10F000949085C60556D1C4A
:1013E000102DF7D370BD00009C0100205465726D74
:1013F000696E616C00000000440200204406002079
:1014000000A700080FB4054B10B503A9044A0298C1
:1014100000F02AFE10BC5DF814FB00009DA300083C
:10142000980100200FB47CB50C0009AD01D0611EFD
:1014300000E00021CDE90001064B6A4629460898E4
:1014400000F012FE002C02D0009A002111707CBC2A
:101450005DF814FBED2A000802E008C8121F08C15D
:10146000002AFAD170477047002001E001C1121F25
:10147000002AFBD17047000010B50446042C42DA64
:1014800004EB44002C4951F820204FF4006321461E
:101490002AA0FFF7B7FF04EB4401274A52F82100C6
:1014A0004FF4006108F0FCFC00283AD104EB440141
:1014B000214A02EB810148714FF4FC6004EB4401C6
:1014C00002EB81010881002004EB440102EB810161
:1014D00048812A4850F82400401C284941F824003B
:1014E00008460069401C0861084650F82400496914
:1014F000884206D9214850F824002049486108460E
:101500000476002010BD21461DA0FFF77BFF00BF21
:1015100040F26F5323A22AA12AA0FFF773FF00BF56
:10152000FEE700BF40F271531EA225A125A0FFF7E0
:1015300069FF00BFFEE7000060010020456D6265A5
:1015400064646564466C6173683A204572617369CE
:101550006E6720736563746F722025642061742048
:1015600061646472657373203078253038582C209C
:1015700073697A653D25640A000000005406002066
:10158000657261736520736563746F72206661694B
:101590006C65642C20736563746F725F6964783D59
:1015A00025640A004150505C666C6173685C456D4F
:1015B000626564646564466C6173682E6300000054
:1015C0003000000045464C4153482041535345529A
:1015D00054204641494C45443A2025732C206669E5
:1015E0006C652025732C206C696E652025640A00CB
:1015F0002DE9F04F97B005460C461746984622460F
:1016000029466C48FFF7FEFE424639466AA0FFF7BE
:10161000F9FE464604EB4400764951F8200000F5F7
:10162000006BB94605EB450051F8200000F500605D
:1016300016900020159070A0FFF7E4FE88E02021AE
:101640000DA8FEF7ACFD2022314673A0FFF7DAFEAD
:1016500020220DA9304608F0A1FC002873D10DA866
:1016600000F0EFFC00F0FF0ABDF852009DF84510B5
:101670009DF84720CDE9002102909DF846209DF875
:10168000441053467048FFF7BDFE0DA800F036FC2D
:1016900000284ED0BAF1020F4BD19DF847209DF89B
:1016A0004610334669A0FFF7ADFE09F120001699F8
:1016B000884205D972A0FFF7A5FE022015904CE0E4
:1016C00049467AA0FFF79EFE20220DA905A8FEF745
:1016D0004DFD00200490E8B204AA05A901F05AFBD0
:1016E00020B14FF0FF3017B0BDE8F08F02226946FD
:1016F000049800F0ADFC48B100BF40F2C15376A29F
:101700007CA17DA0FFF77EFE00BFFEE7304600F023
:1017100083FC48B100BF40F2C7536FA275A176A009
:10172000FFF770FE00BFFEE709F1200901201590C8
:1017300007E09DF847309DF84610524679A0FFF724
:1017400061FE04E0FFE7314681A0FFF75BFE203633
:1017500006F120005845FFF472AF00BF05EB4500CD
:10176000244901EB80000089202801D20220159035
:10177000159AD1B2E8B2012201F0E4F8E0B2FFF725
:101780007BFE10B14FF0FF30ADE7E0B20322002145
:1017900001F0D8F84FF4FC6004EB4401154A02EB69
:1017A00081010881002004EB440102EB81014881A2
:1017B00000BF98E724AF000847432054656D7020B0
:1017C000456D70747920416464726573733D30783F
:1017D00025782C2044617461204743696E6720524C
:1017E0006573756D6520416464726573733D30780F
:1017F00025780A00600100205374617274696E6775
:101800002064617461206D6967726174696F6E2014
:10181000666F722047430A0047433A20526561646D
:10182000696E67207265636F726420617420616401
:1018300064726573733D3078253038582C20736995
:101840007A653D25640A000004AE00084D696772A0
:101850006174696E67207265636F72643A204B65CC
:10186000793D25642C204C656E6774683D25642C99
:1018700020416464726573733D256C750A00000035
:1018800047432054656D7020736563746F722066E2
:10189000756C6C2C2073746F7070696E67206D6945
:1018A00067726174696F6E0A000000005772697494
:1018B000696E6720746F2047432054656D702073F4
:1018C0006563746F72206174206164647265737300
:1018D0003D256C750A0000004150505C666C6173D8
:1018E000685C456D626564646564466C6173682E0E
:1018F000630000003000000045464C415348204141
:101900005353455254204641494C45443A2025738F
:101910002C2066696C652025732C206C696E65200F
:1019200025640A00676320696E76616C69642072C1
:1019300065636F72642C6B65793A25642C737461EE
:101940007475733A25642C6C656E3A25640A000040
:101950004661696C656420746F20726561642072F1
:1019600065636F726420617420616464726573736F
:101970003D256C750A00000002460E48006810B153
:101980000D48007808B90020704700210CE0094894
:10199000006800EB01100079904204D1054800680E
:1019A00000EB0110F0E7491C034800788142EEDBB0
:1019B0000020E9E790010020940100202DE9F04F7C
:1019C00089B004460D469046D4F80090202229465E
:1019D000484608F0E3FA48B1227949465DA0FFF78E
:1019E00011FD4FF0FF3009B0BDE8F08F284600F040
:1019F00085FA00287BD12279494665A0FFF702FDD0
:101A0000002670E006EB46006E4901EB800080790D
:101A1000012806D006EB460001EB800080790428FF
:101A200060D106EB4600674951F8200000F120071D
:101A300006EB460051F8200000F5006A2279314695
:101A400061A0FFF7DFFC48E0202101A8FEF7A7FB1B
:101A5000202201A9384608F0A1FA00283BD101A8AC
:101A600000F0EFFA00F0FF0B01A800F047FA0028A1
:101A700030D09DF81600217988422BD1BBF1020F9E
:101A800028D1C8F80070202201A92846FEF76EFB75
:101A9000217933463A4654A0FFF7B4FC2760E87C2E
:101AA0000A2809DD00BF40F2AC435EA264A165A034
:101AB000FFF7A8FC00BFFEE7E87C2073687C60733A
:101AC0000420A073EA7C05F11401A068FEF74EFB28
:101AD000002088E700BF203700BF07F120005045F5
:101AE000B2D300BF761C042E8CDB217900E005E028
:101AF0005FA0FFF787FC4FF0FF3074E7C8F8009055
:101B0000227B05F11400A168FEF769FB00B106E035
:101B1000687C617B884200D001E0002063E7E87CBC
:101B20000A2809DD00BF40F2CE433EA244A145A0F1
:101B3000FFF768FC00BFFEE7E87C2073687C6073F9
:101B40000420A073EA7C05F11401A068FEF70EFBE7
:101B5000002048E74661696C656420746F207265F7
:101B60006164207265636F72642061742073746FA6
:101B700072656420616464726573733D30782578A2
:101B800020666F72206B65793D25640A00000000B5
:101B9000496E76616C6964207265636F726420615E
:101BA000742073746F72656420616464726573730A
:101BB0003D3078257820666F72206B65793D25640D
:101BC0000A000000600100205363616E6E696E6759
:101BD00020736563746F7220256420666F72206BBA
:101BE00065793D25640A0000466F756E64206C615E
:101BF00074657374207265636F726420666F7220FF
:101C00006B65793D2564206174206164647265733D
:101C1000733D256C6420696E20736563746F723D3B
:101C200025640A004150505C666C6173685C456DC8
:101C3000626564646564466C6173682E63000000CD
:101C40003000000045464C41534820415353455213
:101C500054204641494C45443A2025732C2066695E
:101C60006C652025732C206C696E652025640A0044
:101C70004E6F2076616C6964207265636F726420B8
:101C8000666F756E6420666F72206B65793D2564A2
:101C9000206166746572207363616E6E696E672081
:101CA000616C6C20736563746F72730A00000000CE
:101CB0000146032009E000EB4002064B03EB8202E1
:101CC00092798A4200D17047401E0028F3DA4FF023
:101CD000FF30F8E76001002070B504460320FFF7ED
:101CE000E7FF0546002D2BDB002127E06B1C5A186F
:101CF000D31702EB93739B10A2EB8303D8B200EBD4
:101D00004002114B03EB82021289A24215DB00EB69
:101D1000400203EB82025279012A05D000EB400217
:101D200003EB8202527942B900EB4002064B03EB0F
:101D300082029279012A00D170BD491C0329D5DBAA
:101D40004FF0FF30F8E70000600100202DE9FF5F51
:101D500082B00021DDE90430020DDDF840B003431C
:101D600018D044F61050A2F2FF32424315141198D5
:101D700001281FD0A5EB0B00401C5FEA000A4FF0C2
:101D800000064E4FDFF83891B046504615D5CAF1DF
:101D9000000413E0119801244AA3012801D16FEA3D
:101DA0000B010298119AC0E90031C0E9024206B065
:101DB000BDE8F09FCBF10000DFE704460021404A78
:101DC000491842EB0450CDE9001012E0E00707D0BB
:101DD00032463B4640464946FEF731FC804689463E
:101DE00032463B4610461946FEF729FC06460F468A
:101DF0006410002CEAD1DDE90401DDE90023BAF129
:101E0000000F06DAFEF71BFC42464B46FEF717FCB6
:101E100005E0FEF786FC42464B46FEF782FC044690
:101E20000E460022284BFEF703FD03D84FF0FF308B
:101E3000014607E00022254B20463146FEF758FBBD
:101E4000FEF7DEFC102409E0002C0ADB0A22002346
:101E5000FEF7E6FA039B30321A55641E50EA01027F
:101E6000F2D1641C039AC4F111031444119A012A9B
:101E700003D0012208430DD10AE0084304D000201A
:101E80004FF0110B119072E7A3EB0B056D1E0DE0E7
:101E90005B4504DD4FF0000205F1010504E003DAC3
:101EA0004FF00002A5F10105002AECD0029811992B
:101EB000C0E90231C0E9004579E7000000001440A4
:101EC0000000F03F300000000000F0430000E03F61
:101ED00030B502460023481E0146044606E048018C
:101EE00002EBD000007800B904E05B1C081EA1F1F1
:101EF0000101F4D100BFE01A30BD0000FEB5044678
:101F000024B91BA0FFF77EFA0020FEBD207CA52887
:101F100006D0217CA5221FA0FFF774FA0020F4E769
:101F2000E07C10B1E07C0A2806DDA27CE17C27A0E1
:101F3000FFF768FA0020E8E70C2104F1120001F035
:101F400010F80546E08BA84210D0204600F079F842
:101F5000C6B2E08B617CCDE900150290E37CA17CE8
:101F600032462648FFF74EFA0020CEE70120CCE7A4
:101F70005F69735F6B765F7265636F72643A204E60
:101F8000554C4C207265636F726420706F696E747B
:101F900065720A005F69735F6B765F7265636F726B
:101FA000643A20496E76616C6964206D616769638B
:101FB0003D3078253032582C206578706563746523
:101FC000643D3078253032580A0000005F69735F45
:101FD0006B765F7265636F72643A20496E76616CEE
:101FE00069642076616C75655F6C656E6774683DC9
:101FF00025642C206B65793D25640A0060AE0008DD
:1020000001468869034A904201D0002070470120B0
:10201000FCE70000454634307FB505460024032226
:102020006946284600F014F8044614B1204604B06E
:1020300070BD04226946284600F00AF8044620468E
:10204000F5E710B5044605212046FFF741FF10BD16
:1020500070B505460E4614462346052231462846ED
:1020600000F064FF70BD00002DE9FF4F95B09A4667
:10207000884606460025EEE1252877D1002427462C
:10208000F94A0121039400E0044316F8013F203B84
:1020900001FA03F01042F7D130782A2811D06FF0FE
:1020A0002F033078A0F13002092A16D8039A44F0A1
:1020B000020402EB820203EB42021044761C0390FE
:1020C000EFE758F8042B0392002A03DA504244F455
:1020D0000054039044F00204761C30782E2816D168
:1020E00016F8010F44F004042A280DD06FF02F02D7
:1020F0003078A0F13003092B09D807EB870302EBF6
:102100004303C718761CF3E758F8047B761C307835
:102110006C280FD006DC4C2817D068280DD06A2810
:1021200014D104E0742810D07A280FD10DE044F4C3
:1021300000140AE044F4801401E044F4401472787E
:10214000824202D104F58014761C761C3078662811
:102150000BD013DC582877D009DC002875D045282F
:10216000F6D04628F4D047281AD193E118E0632826
:1021700035D0642879D0652812D18BE1702873D0CE
:1021800008DC6728F1D069286FD06E280DD06F2841
:1021900006D1ACE073282CD0752874D0782853D0A1
:1021A0005246179990476D1C54E1C4F3025002281F
:1021B00009D003280DD0D8F8001004280DD00D60E8
:1021C00008F1040846E1D8F80010EA17C1E9005206
:1021D000F6E7D8F800100D80F2E70D70F0E718F878
:1021E000041B8DF8001000208DF80100EB46012043
:1021F00003E058F804BB4FF0FF3061074FF00001D7
:1022000002D40DE009F101018946B9420FDA814596
:10221000F8DB1BF809100029F4D108E009F10101ED
:1022200089468142FADB1BF809100029F6D1039890
:102230005346A0EB090721463846179A00F080FA6A
:10224000284400EB090507E044E008E10DE01BF835
:10225000010B524617999047B9F10109F7D253463D
:1022600021463846179AF2E039E00A21C4F30252B7
:102270004FF0000B0091022A06D058F8040BC1174A
:10228000032A09D00AE023E008F1070020F0070242
:10229000F2E80201904605E000B2C117042A01D11C
:1022A00040B2C117002906DA0A460021404261EB1C
:1022B00002012D2202E0220504D52B228DF80420F4
:1022C000012203E0E20701D02022F7E7914657E020
:1022D0000A2100E010214FF0000B00910BE01021CB
:1022E0004FF0000B44F004040827009103E008209D
:1022F0004FF0000B0090C4F30252022A05D058F8A8
:10230000040B0021032A08D008E008F1070020F0A0
:102310000702F2E80201904603E080B2042A00D1ED
:10232000C0B24FF0000922072AD53278702A07D0B0
:10233000DDF800C08CF0100C5CEA0B0C05D00EE050
:1023400040228DF80420012208E050EA010306D063
:1023500030238DF804308DF8052002229146009B31
:1023600083F0080353EA0B030AD150EA010201D1BA
:10237000620705D530228DF804204FF001097F1E39
:102380003278582A04D039A20C920CAA02920BE09F
:102390003BA2F9E75B46009AFEF742F80C9B9B5C78
:1023A000029A521E0292137050EA0102F2D1029870
:1023B00004A9081A00F1200B600702D524F4803428
:1023C00000E001275F4502DDA7EB0B0000E00020E5
:1023D00000EB0B01009003984944401A0390E0037E
:1023E00006D453462146179A039800F0A9F90544EC
:1023F000002706E001A85246C05D179990476D1C62
:102400007F1C4F45F6DBE0030CD553462146179A57
:10241000039800F095F9054404E0302052461799DE
:1024200090476D1C0099481E00900029F5DC08E0DB
:102430000298029952460078491C029117999047D8
:102440006D1CBBF10001ABF1010BF1DC5BE100F0B5
:1024500065F90544761C307800287FF40DAE19B07C
:102460002846BDE8F08F00000928010030313233E2
:1024700034353637383961626364656600000000C0
:1024800030313233343536373839414243444546AA
:1024900000000000600700D4062708F1070020F0C4
:1024A0000700F0E80223804603F0004C5FEA0C00CE
:1024B00001D097A009E0200501D596A005E0E0072E
:1024C00001D095A001E0AFF24C001390307823F0DA
:1024D000004365280CD006DC452809D046281DD0CD
:1024E00047287FD13BE0662818D067287AD136E0AC
:1024F0000021112F01DB112000E0781CCDE9000143
:1025000004A90CA8FFF722FCDDE90D010C9A4FF09D
:10251000000B07F10109109200914EE04FF00040CE
:102520000097CDE9011004A90CA8FFF70FFCDDE925
:102530000D020C9B0F994FF0000B914610930092E7
:1025400011B9791C00EB0109B7EB090003D4C0F104
:10255000FF3B07F10109A9EB0700019042E0012FC1
:1025600000DA01270021112F01DD112000E038469B
:10257000CDE9000104A90CA8FFF7E8FBDDE90D0196
:102580000C9A00914FF0000BB946109221070FD41E
:10259000009A4A4503DA914601E0A9F10109B9F12F
:1025A000010F05DD109AA9F10101515C3029F4D029
:1025B000B84202DA10F1040F03DA0121CDE901106B
:1025C00010E0002803DC8344A9EB000102E0411C79
:1025D000494500DD8946A0EB0B00401C01904FF0FF
:1025E00000400290200705D40198484502DB4FF0D7
:1025F000FF30019000208DF84B0002980DF14B0741
:10260000B0F1004F25D002200C902B200D900298A5
:1026100000280CDA404202902D200D9007E00A219C
:102620000298FDF7E7FE3031029007F8011D0C9982
:10263000481E0C900029F2DC02980028EFD1791E88
:102640000D980870307800F0200040F0450007F841
:10265000020D11A8C01BC01D02901398007800B194
:10266000012000EB0901019801EBE071029801449F
:102670000398401A401E0390E00306D453462146B7
:10268000179A039800F05CF805441398007818B185
:102690005246179990476D1CE00323D553462146B7
:1026A000179A039800F04CF805441BE0BBF1000FAB
:1026B00007DB0098584504DD1098179910F80B00B7
:1026C00001E0179930205246904701980BF1010B19
:1026D000401E05F10105019004D12E2052461799A4
:1026E00090476D1CB9F10001A9F10109DEDC05E09C
:1026F00017F8010B5246179990476D1C0299481E16
:1027000002900029F4DC53462146179A03989EE66E
:102710002D0000002B000000200000002DE9F041FA
:10272000044600251E461746880404D405E03946B1
:102730002020B0476D1C641EF9D52846BDE8F08105
:102740002DE9F041044600251E469046C80301D5F8
:10275000302700E02027880404D505E041463846AC
:10276000B0476D1C641EF9D52846BDE8F081000015
:102770002DE9F04389B0044604EB4400554901EBD0
:1027800080008079032815D14FF4FC6004EB4401EC
:10279000504A02EB81010881002004EB440102EB66
:1027A0008101488104EB440102EB8101487109B0C9
:1027B000BDE8F08304EB4400464951F8200000F1E5
:1027C000200504EB440051F8200000F500680027C4
:1027D0004BE0202101A8FDF7E2FC202201A92846B8
:1027E00007F0DCFB00283ED101A8FFF787FB50B3C0
:1027F0009DF81600FFF7C0F806460EB301A8FFF7D4
:1028000020FC00F0FF09B9F1040F05D0B9F1030F66
:1028100002D0B9F1010F03D1781C87B2203524E032
:1028200035609DF8170030739DF815007073022015
:10283000B0739DF8172006A9B068FDF797FC00BF9C
:10284000781C87B20FE0012101AA002005E0135C8B
:10285000FF2B01D0002102E0401C2028F7D300BF4D
:1028600001B106E000BF203500BF05F12000404562
:10287000AFD300BFA8EB050004EB4401154A02EBFF
:102880008101088104EB4400114601EB800047817F
:1028900004EB440001EB80000089202806D20220CE
:1028A00004EB440102EB8101487110E0002F07DDC9
:1028B000012004EB4401074A02EB8101487106E064
:1028C000002004EB4401034A02EB8101487100201F
:1028D0006DE700006001002070B504460D46042C31
:1028E0002BDA55B304EB4400154951F8206020223F
:1028F0002946304607F052FBF0B92846FFF780FB27
:1029000010B94FF0FF3070BD03212846FFF7E0FA01
:1029100004EB44010A4A02EB81014871052105F1EB
:102920000800FFF7D5FAC1B204EB4400044A02EBF9
:10293000800081710020E6E700BF4FF0FF30E2E742
:10294000600100202DE9F04190B004460D46164686
:102950000027042C03DB781E10B0BDE8F08104EBE7
:102960004400414951F82080202108A8FDF717FCB8
:1029700008A92046FFF7B0FF002842D104EB44002D
:10298000394901EB80004079A84217D02B46032239
:1029900006A9404600F0CAFA07464FB100BF40F210
:1029A000516332A238A139A0FEF72CFD00BFFEE72B
:1029B00004EB44002C4901EB8000457104EB44001A
:1029C000294901EB80008079B04218D033460522B6
:1029D00002A908F1080000F0A9FA07464FB100BFAC
:1029E00040F25B6321A228A128A0FEF70BFD00BFE7
:1029F000FEE704EB44001C4901EB800086710020D7
:102A0000AAE7FF2220216846FDF7C2FB2A460321E0
:102A1000684600F053F83246052102A800F04EF84F
:102A2000254806904FF0FF30079020226946404627
:102A300007F074FC074667B904EB44000A4901EB50
:102A40008000457104EB440001EB8000867100209A
:102A500082E700BF00BF4FF4CF6304A20AA10BA01E
:102A6000FEF7D0FC00BFFEE7600100204150505C43
:102A7000666C6173685C456D626564646564466C30
:102A80006173682E630000003000000045464C4131
:102A9000534820415353455254204641494C4544E4
:102AA0003A2025732C2066696C652025732C206CD8
:102AB000696E652025640A00454634302DE9F041F1
:102AC00005460E4614464FF0FF37701E072202EBF4
:102AD0004010C108FF222846FDF75AFB1CB1601EBA
:102AE00087000020E8553846BDE8F0814A68002A92
:102AF00006D00A68531C0B6010704868401E48607E
:102B00007047000010B58EB000247CE0414800689A
:102B100000EB0410807B002874D1FF22202106A83E
:102B2000FDF736FBA5208DF828003A48006800EB39
:102B30000410407B8DF829003648006800EB041033
:102B400000798DF82A003348006800EB0410007B00
:102B50008DF82B002F48006800EB0410007B0A283A
:102B600011DD2C48006800EB041003792948006847
:102B700000EB0410017B0A222748FEF743FC4FF0CC
:102B8000FF300EB010BD0A210BA8FDF708FB21484D
:102B9000006800EB0410027B1E48006800EB041084
:102BA00081680BA8FDF7E2FA0C210DF12A0000F074
:102BB000D8F9ADF836000020059005A906A800F068
:102BC000D1F810B14FF0FF30DBE7022201A90598E0
:102BD000FFF73EFA48B100BF40F281430FA216A1B1
:102BE00016A0FEF70FFC00BFFEE70A49059809682A
:102BF00001EB0411086001200649096801EB04118A
:102C0000887300BF641C184800788442FFF67EAFCA
:102C10000020B6E790010020ACAF00084150505CA6
:102C2000666C6173685C456D626564646564466C7E
:102C30006173682E630000003000000045464C417F
:102C4000534820415353455254204641494C454432
:102C50003A2025732C2066696C652025732C206C26
:102C6000696E652025640A009401002070B5002477
:102C70000FE02046FEF700FC054601220021204619
:102C8000FFF760FE054315B14FF0FF3070BD601CCB
:102C9000C4B2032CEDDB032200211046FFF752FEE5
:102CA000F4E770B588B00026002421E020216846B2
:102CB000FDF775FAE0B26946FFF70EFE00B116E0C7
:102CC000052102A8FFF704F9C5B2032D01D0022D9A
:102CD00008D1601CC11700EB91718910A0EB810134
:102CE000CEB207E0042D01D1E6B203E000BF641CC0
:102CF000042CDBDB00BF00240AE03019C11700EB15
:102D000091718910A0EB81052846FFF731FD641C05
:102D1000042CF2DB002008B070BD000010B588B0B4
:102D2000002418E020216846FDF739FAE0B2694630
:102D3000FFF7D2FD68B1002004EB4401084A02EB22
:102D400081014871002104EB440002EB8000817195
:102D500000E000BF641C042CE4DB08B010BD0000E0
:102D60006001002070B504460D46002600BF2020FB
:102D7000FEF7B2FF0646002E06DA05F05FFD10B141
:102D80004FF0FF3070BDF2E7F0B22A46214600F066
:102D900001F8F7E72DE9F041044688461546042C72
:102DA00003DAB8F1000F00D01DB94FF0FF30BDE8D5
:102DB000F08104EB4400404901EB800000892028A9
:102DC00002D24FF0FF30F2E704EB44003A4951F8E9
:102DD0002000203004EB4401374A02EB81010989CD
:102DE000C1F5FC61461820224146304607F096FAAC
:102DF00048B100BF40F2EF4330A237A137A0FEF741
:102E000001FB00BFFEE704EB44002B4901EB80000F
:102E10004779012004EB4401274A02EB8101487104
:102E200004EB4400114601EB80004089401C04EB98
:102E3000440102EB8101488104EB4400114601EB9F
:102E400080000089203804EB440102EB81010881F5
:102E500004EB4400114601EB80000089202805D2D4
:102E6000022004EB440102EB8101487104EB4400B1
:102E7000114901EB80004079B8421AD004EB4400BC
:102E800001EB8000427939461FA0FEF7BBFA04EB44
:102E90004400094B03EB8000827904EB440003EB10
:102EA000800041792046FFF74DFD10B14FF0FF3013
:102EB0007DE72E6000207AE7600100204150505CE1
:102EC000666C6173685C456D626564646564466CDC
:102ED0006173682E630000003000000045464C41DD
:102EE000534820415353455254204641494C454490
:102EF0003A2025732C2066696C652025732C206C84
:102F0000696E652025640A006F726967696E616C7D
:102F10005F7374617475733A25642C206E65775FF6
:102F20007374617475733A25640A00002DE9F047E3
:102F300006460C46174698464FF000094246394669
:102F40002046FFF7BBFD0546681C10B90020BDE810
:102F5000F08761197019042207F0E0F981464846AC
:102F6000F5E738B502460B4600BF4FF6FF700090FC
:102F700000BF13E012F8014B6846057885EA0401AA
:102F800081EA0115E9B205882D1285EA012585EA55
:102F9000C10585EA2115058000BF00BF181EA3F1F9
:102FA00001018BB2E6D1BDF8000038BD0146114ADF
:102FB00012884A434FF0E0235A6100229A611A4670
:102FC000126942F001021A6100BF4FF0E02210695D
:102FD00000F001021AB100F48032002AF5D04FF05F
:102FE000E022126922F001024FF0E0231A61002270
:102FF0009A6170472A0000202DE9F04F89B0D8A0CF
:1030000007F056FBDAA0FEF7FDF92A200390A12075
:10301000039906F03BFFF8B904AB05AA06A9A12065
:1030200005F032FE80B99DF8100003280CD19DF800
:103030001400012808D19DF818100398814203D18B
:10304000D9A007F0FFFA0DE0DFA007F0EBFA4FF090
:10305000FF3009B0BDE8F08FE3A007F0E3FA4FF0CE
:10306000FF30F6E76FF077084146AB2006F0A0FE90
:10307000E0B904AB05AA06A9AB2005F005FE78B9B6
:103080009DF8100004280BD19DF81400012807D1E9
:103090009DF91800404503D1DAA007F0D3FA0BE000
:1030A000E0A007F0BFFA4FF0FF30D2E7E5A007F04D
:1030B000B9FA4FF0FF30CCE740F2D2494946A3209D
:1030C00006F0C8FEE0B904AB05AA06A9A32005F0E6
:1030D000DBFD78B99DF8100005280BD19DF8140090
:1030E000022807D1BDF81800484503D1DCA007F03D
:1030F000A9FA0BE0E2A007F095FA4FF0FF30A8E73D
:10310000E8A007F08FFA4FF0FF30A2E7DFF8B0A396
:103110005146AC2006F030FEE0B904AB05AA06A982
:10312000AC2005F0B1FD78B99DF8100006280BD150
:103130009DF81400022807D1BDF91800504503D1AD
:10314000E0A007F07FFA0BE0E6A007F06BFA4FF083
:10315000FF307EE7EBA007F065FA4FF0FF3078E72D
:10316000DFF8BCB35946AD2006F07DFED8B904ABFC
:1031700005AA06A9AD2005F087FD70B99DF81000DD
:1031800007280AD19DF81400042806D1069858454E
:1031900003D1E4A007F056FA0BE0EAA007F042FAE8
:1031A0004FF0FF3055E7F0A007F03CFA4FF0FF304A
:1031B0004FE7DB4840420290A420029906F0E5FD6B
:1031C000E0B904AB05AA06A9A42005F05DFD78B915
:1031D0009DF8100008280BD19DF81400042807D191
:1031E00006990298814203D1E6A007F02BFA0BE082
:1031F000ECA007F017FA4FF0FF302AE7F1A007F034
:1032000011FA4FF0FF3024E7C54CE41C002522469C
:103210002B46AE2006F030FEF0B904AB05AA06A995
:10322000AE2005F031FD88B99DF8100009280DD1B8
:103230009DF81400082809D1DDE9060160406940C5
:10324000084303D1E6A007F0FDF90BE0ECA007F07E
:10325000E9F94FF0FF30FCE6F2A007F0E3F94FF098
:10326000FF30F6E6AE4EF643771532463B46AF20CA
:1032700006F094FDF0B904AB05AA06A9AF2005F04D
:1032800003FD88B99DF810000A280DD19DF814009F
:10329000082809D1DDE9060170407940084303D1CF
:1032A000E7A007F0CFF90BE0EDA007F0BBF94FF076
:1032B000FF30CEE6F2A007F0B5F94FF0FF30C8E6D8
:1032C000F6A00190A520019906F07CFD08BB04AB97
:1032D00005AA06A9A52005F0D7FCA0B99DF8100005
:1032E0000B2810D10198FCF765FF401C9DF81410C5
:1032F000884208D106A80199FCF763FF18B9E9A034
:1033000007F0A0F90BE0EFA007F08CF94FF0FF30C9
:103310009FE6F5A007F086F94FF0FF3099E6F9A097
:103320000068009004226946A62006F0F9FCA8B9BE
:1033300004AB05AA06A9A62005F0A6FC78B99DF85D
:1033400010000C280BD19DF81400042807D104228A
:10335000694606A8FCF743FF08B9D5E1DEE1D7E1ED
:1033600042617369632041504920546573740000C1
:1033700054657374696E6720626173696320736555
:10338000742F676574206F7065726174696F6E73F6
:1033900020666F7220616C6C2064617461207479A6
:1033A0007065732E2E2E0A00626173696320726548
:1033B00061642F77726974652028746573745F7512
:1033C000696E743829000000626173696320726558
:1033D00061646261636B206D69736D617463682001
:1033E0002875696E74382900626173696320777289
:1033F000697465206661696C6564202875696E74FE
:1034000038290000626173696320726561642F77F7
:10341000726974652028746573745F696E743829E5
:10342000000000006261736963207265616462611B
:10343000636B206D69736D617463682028696E74B5
:1034400038290000626173696320777269746520AE
:103450006661696C65642028696E74382900000013
:10346000626173696320726561642F777269746544
:103470002028746573745F75696E74313629000095
:10348000626173696320726561646261636B206D60
:1034900069736D61746368202875696E74313629AB
:1034A00000000000626173696320777269746520AF
:1034B0006661696C6564202875696E74313629000F
:1034C0002EFBFFFF626173696320726561642F7771
:1034D000726974652028746573745F696E7431361F
:1034E0002900000062617369632072656164626132
:1034F000636B206D69736D617463682028696E74F5
:1035000031362900626173696320777269746520BE
:103510006661696C65642028696E74313629000023
:1035200050D41200626173696320726561642F7701
:10353000726974652028746573745F75696E74337D
:10354000322900006261736963207265616462619F
:10355000636B206D69736D61746368202875696E93
:10356000743332290000000062617369632077724E
:10357000697465206661696C6564202875696E747C
:1035800033322900626173696320726561642F7749
:10359000726974652028746573745F696E74333260
:1035A0002900000062617369632072656164626171
:1035B000636B206D69736D617463682028696E7434
:1035C0003332290062617369632077726974652000
:1035D0006661696C65642028696E74333229000065
:1035E000626173696320726561642F7772697465C3
:1035F0002028746573745F75696E74363429000011
:10360000626173696320726561646261636B206DDE
:1036100069736D61746368202875696E7436342926
:10362000000000006261736963207772697465202D
:103630006661696C6564202875696E74363429008A
:10364000626173696320726561642F777269746562
:103650002028746573745F696E7436342900000025
:10366000626173696320726561646261636B206D7E
:1036700069736D617463682028696E74363429003B
:103680006261736963207772697465206661696C31
:1036900065642028696E74363429000048656C6CB6
:1036A0006F000000626173696320726561642F7747
:1036B000726974652028746573745F737472696EBF
:1036C00067290000626173696320726561646261E9
:1036D000636B206D69736D61746368202873747205
:1036E000696E672900000000626173696320777268
:1036F000697465206661696C6564202873747269F9
:103700006E672900AABBCCDD0BA006F09BFF0BE087
:1037100010A006F087FF4FF0FF309AE415A006F0E6
:1037200081FF4FF0FF3094E40021AFF2CC3006F07F
:1037300099FF00208DE40000626173696320726567
:1037400061642F77726974652028746573745F688B
:1037500065782900626173696320726561646261E2
:10376000636B206D69736D61746368202868657888
:1037700029000000626173696320777269746520B3
:103780006661696C6564202868657829000000001E
:10379000F0B591B087A006F08BFF89A0FDF732FE4F
:1037A0000A254FF47A76944F94A103C9CDE90F010D
:1037B00094A000680E902946A22006F067FB3146CF
:1037C000A32006F047FB3946A42006F0DEFA0FA935
:1037D000A52006F0F7FA04220EA9A62006F0A0FA0A
:1037E000012408AB09AA0AA9A22005F04DFA20B1CC
:1037F0000024A22184A0FDF705FE9DF828000A28D8
:1038000009D000249DF8281085A0FDF7FBFDA2211A
:1038100089A0FDF7F7FD08AB09AA0AA9A32005F0C6
:1038200033FA20B10024A32177A0FDF7EBFDBDF80A
:103830002800B0F57A7F09D00024BDF8281082A0B6
:10384000FDF7E0FDA3217CA0FDF7DCFD08AB09AA94
:103850000AA9A42005F018FA20B10024A4216AA026
:10386000FDF7D0FD64490A98884208D000247CA066
:103870000A99FDF7C7FDA4216FA0FDF7C3FD08ABB2
:1038800009AA0AA9A52005F0FFF920B10024A52165
:103890005DA0FDF7B7FD59A10AA8FCF792FC40B165
:1038A00000240AA974A0FDF7ADFDA52162A0FDF7D3
:1038B000A9FD08AB09AA0AA9A62005F0E5F920B1DF
:1038C0000024A62150A0FDF79DFD04220EA90AA800
:1038D000FCF785FC80B100249DF82B0000909DF83A
:1038E0002A309DF829209DF828106A48FDF78AFDA6
:1038F000A62151A0FDF786FD1CB167A006F0A2FE2F
:1039000006E065A006F08EFE4FF0FF3011B0F0BD6E
:10391000002007900690059003900490029008AB59
:1039200009AA07A9A22005F0AFF908AB09AA06A9C0
:10393000A32005F0A9F908AB09AA05A9A42005F060
:10394000A3F908AB09AA03A9A52005F09DF908ABC6
:1039500009AA02A9A62005F097F99DF81C000A28DB
:1039600015D1BDF81800B0F57A7F10D1224905981D
:1039700088420CD121A103A8FCF723FC38B904220A
:103980000EA902A8FCF72BFC08B9012000E00020DA
:1039900004461CB148A006F055FE05E046A006F01E
:1039A00041FE4FF0FF30B1E7002102A006F05AFEC1
:1039B0000020ABE7426174636820546573740000B3
:1039C00054657374696E67206261746368206F70F8
:1039D00065726174696F6E7320616E6420646174D6
:1039E000612073796E6368726F6E697A6174696F52
:1039F0006E2E2E2E0A00000078ECFFFF54657374C3
:103A000053747200DEADBEEF676574206661696C49
:103A1000656420666F72206B65792025640A00005A
:103A20006578706563743A2031302C206765743A8C
:103A30002025640A000000006572726F7220706FAA
:103A4000733A2025640A00006578706563743A2033
:103A5000313030302C206765743A2025640A00002C
:103A60006578706563743A202D353030302C2067CE
:103A700065743A2025640A006578706563743A209D
:103A8000546573745374722C206765743A202573DF
:103A90000A00000034AD0008626174636820737925
:103AA0006E632074657374207661726961626C65FF
:103AB000732D3E4B5600000072657665727365206B
:103AC00073796E63204B562D3E7465737420766156
:103AD000726961626C65730010B588B03CA006F035
:103AE000E7FD3FA0FDF78EFC0124002004E000F17B
:103AF000AA0105AA1154401C0A28F8DB0A2205A9CC
:103B0000A62006F00DF9002819D16B4601AA02A9DA
:103B1000A62005F0B9F868B99DF804000A2809D173
:103B20000A2202A905A8FCF75AFB18B938A006F02A
:103B300089FD08E03EA006F075FD002403E047A0E3
:103B400006F070FD002455208DF814009DF8141027
:103B5000A12006F09BF9B8B96B4601AA02A9A120E1
:103B600005F092F858B99DF80400012807D19DF896
:103B70000800552803D143A006F064FD08E048A0E2
:103B800006F050FD002403E04FA006F04BFD00249A
:103B9000002205A9A62006F0C3F818B153A006F02C
:103BA00051FD03E05BA006F03DFD00241CB165A0C3
:103BB00006F048FD06E06CA006F034FD4FF0FF3043
:103BC00008B010BD002102A006F04CFD0020F7E770
:103BD000426F756E646172792054657374000000E1
:103BE00054657374696E67206D6178696D756D20B9
:103BF0006C656E67746820616E6420626F756E64B8
:103C00006172792076616C7565732E2E2E0A000024
:103C1000626F756E646172792074657374202D20F3
:103C20006D6178206C656E677468206461746100F2
:103C3000626F756E646172792074657374202D20D3
:103C40006D6178206C656E677468206461746120B2
:103C5000726561646261636B00000000626F756E83
:103C6000646172792074657374202D206D617820F1
:103C70006C656E6774682064617461207772697422
:103C800065000000626F756E6461727920746573FF
:103C900074202D2031206279746520646174610084
:103CA000626F756E646172792074657374202D2063
:103CB0003120627974652064617461207265616489
:103CC0006261636B00000000626F756E64617279FF
:103CD0002074657374202D2031206279746520640E
:103CE000617461207772697465000000626F756E9F
:103CF000646172792074657374202D207A65726F07
:103D0000206C656E6774682072656A656374696F9C
:103D10006E000000626F756E646172792074657365
:103D200074202D207A65726F206C656E6774682030
:103D300073686F756C642062652072656A65637470
:103D400065640000626F756E6461727920746573DA
:103D500074202D20616C6C20746573747320706105
:103D60007373656400000000626F756E6461727940
:103D7000207465737400000010B50CA006F098FC68
:103D80000FA0FDF73FFB0F24002C03DD18A006F069
:103D900059FC05E01DA006F045FC4FF0FF3010BDBA
:103DA000002102A006F05EFC0020F8E74461746187
:103DB00020536F75726365205465737400000000B2
:103DC00054657374696E67206461746120736F75E4
:103DD00072636520747261636B696E6720616E64E3
:103DE0002064656661756C74732E2E2E0A000000C7
:103DF00064656661756C7473207461626C652061C2
:103E00007661696C61626C650000000064656661E2
:103E1000756C7473207461626C65206D697373696D
:103E20006E6700002DE9F04FA9B0EAA006F040FC53
:103E3000EFA0FDF7E7FA01277822F74905A8FCF77C
:103E400095F94FF0060800243CE14FF0FF394FF0A0
:103E5000000A04EB840005A901EB800040780228E9
:103E600030D0032804D0052810D0082838D11BE012
:103E700004EB840205AB03EB8202117C04EB8402A9
:103E800013F8220006F002F881462CE004EB8402CD
:103E900005AB03EB8202118A04EB840213F82200C3
:103EA00005F0D8FF81461EE004EB840205AB03EB6E
:103EB0008202116904EB840213F8220005F065FF09
:103EC000814610E004EB840205AB03EB820211692A
:103ED00004EB840213F8220005F019FF814602E08A
:103EE0004FF0FF3900BF00BFB9F1000F73D104EBF1
:103EF000840105AA12F8210023AB24AA25A904F005
:103F0000C3FE002868D104EB840105AA02EB8101FD
:103F1000487805F001F806469DF89000102812D95F
:103F20001020009004EB840005AB13F8202004EB74
:103F3000840003EB80009DF890304168B748FDF79E
:103F400061FA0027BDE09DF89000B0427FD104EBFC
:103F5000840005A901EB800040789DF88C10884210
:103F600075D104EB840005A901EB8000407802289C
:103F700036D0032804D0052811D0082841D11FE0ED
:103F80009DF8940004EB840105AA02EB8101097CF1
:103F9000884201D1012000E00020824634E02598CB
:103FA000029004EB840005A901EB8000008ABDF8B3
:103FB0000810884201D1012000E00020824623E061
:103FC000259804EB840105AA02EB8101096981426D
:103FD00003D1012102E065E055E000218A4613E0AB
:103FE000DDF894B004EB840005AA02EB80000169BF
:103FF0005846FCF7EBF901D1012000E00020824691
:1040000002E04FF0000A00BF00BFBAF1000F0DD070
:1040100004EB840005AB13F8202004EB840003EBD1
:10402000800041687EA0FDF7EDF92BE004EB8400F1
:1040300005AB13F8202004EB840003EB80004168FB
:1040400000E004E07FA0FDF7DDF900271AE004EBB3
:10405000840005A901EB800040789DF88C10CDE923
:104060000061029004EB840005AB13F8202004EB00
:10407000840003EB80009DF8903041687EA0FDF73E
:10408000C1F900271CE004EB840005AB13F82020E5
:1040900004EB840003EB8000416886A0FDF7B2F9D1
:1040A00000270DE004EB840005AB13F8202004EB9F
:1040B000840003EB8000416888A0FDF7A3F9002786
:1040C00000BF641C4445FFF6C0AE8FA52946A5205D
:1040D00005F078FE90BB23AB24AA25A9A52004F007
:1040E000D3FD28BB9DF88C000B2811D12846FCF786
:1040F00061F8401C9DF89010884209D1294625A8F6
:10410000FCF75FF820B9A52181A0FDF77BF91BE042
:104110002846FCF74FF8441C9DF88C00234600907D
:104120009DF89020A5218448FDF76CF900270BE04D
:10413000A52182A0FDF766F9002705E0FFE7A5218C
:1041400089A0FDF75FF9002793A103C9CDE9030119
:10415000052203A9A62005F0E3FD80BB23AB24AA1A
:1041600025A9A62004F090FD50BB9DF890001028D2
:1041700008D910239DF89020A6218948FDF742F91F
:1041800000273FE19DF88C000C280ED19DF890008F
:1041900005280AD1052225A903A8FCF720F820B993
:1041A000A62180A0FDF72EF92CE19DF88C309DF81A
:1041B0009020A6218548FDF725F9002722E106E099
:1041C000FFE7A62182A0FDF71DF900271AE1A6212D
:1041D00014E1000044617461205479706520436FDC
:1041E0006E73697374656E6379205465737400002F
:1041F00054657374696E6720747970652D73616698
:10420000652041504920636F6E73697374656E63F6
:10421000792E2E2E0A00000028A70008C8A9000841
:104220005B4F4B5D20257320746573742070617340
:1042300073656420666F72206B6579203078253055
:1042400032580A005B585D20257320746573742012
:104250006661696C656420666F72206B65792030D9
:1042600078253032583A2076616C7565206D697317
:104270006D617463680A00005B585D2025732074CB
:10428000657374206661696C656420666F72206B6B
:104290006579203078253032583A206C656E3D259E
:1042A000642F25642C20747970653D25642F256466
:1042B0000A0000005B585D2025732074657374202C
:1042C00072656164206661696C656420666F722046
:1042D0006B6579203078253032580A005B585D20B4
:1042E0002573207465737420777269746520666124
:1042F000696C656420666F72206B65792030782563
:104300003032580A000000005465737431323300B3
:104310005B4F4B5D20737472696E672074657374B4
:104320002070617373656420666F72206B657920FD
:104330003078253032580A00A4AA00085B585D2066
:10434000737472696E67207465737420726561643A
:10435000206661696C656420666F72206B657920E8
:104360003078253032580A005B585D2073747269CA
:104370006E67207465737420777269746520666156
:10438000696C656420666F72206B657920307825D2
:104390003032580A00000000DEADBEEFCA00000057
:1043A00014AA00085B4F4B5D206865782074657324
:1043B000742070617373656420666F72206B657919
:1043C000203078253032580A0000000060AA00082A
:1043D0005B585D2068657820746573742072656130
:1043E00064206661696C656420666F72206B657914
:1043F000203078253032580A000000000BA0FDF76D
:1044000001F800271FB114A006F01CF907E020A056
:1044100006F008F94FF0FF3029B0BDE8F08F002119
:10442000AFF2502006F01EF90020F5E75B585D2042
:104430006865782074657374207772697465206686
:1044400061696C656420666F72206B6579203078D5
:10445000253032580A00000064617461207479705C
:104460006520636F6E73697374656E63792074651C
:104470007374202D20616C6C204150497320776F3C
:10448000726B696E6720636F72726563746C79001A
:1044900064617461207479706520636F6E736973F1
:1044A00074656E63792074657374202D20736F6D4D
:1044B000652041504973206661696C6564000000A5
:1044C00000B591B044A006F0F3F848A0FCF79AFFBD
:1044D0000CAB0DAA0EA9FF2004F0D6FB18B14FA01B
:1044E00006F0B0F806E052A006F09CF84FF0FF305E
:1044F00011B000BD1422544907A8FBF737FE07A9E5
:10450000FE2005F05FFC18B150A006F09BF805E016
:1045100053A006F087F84FF0FF30E9E7142102A816
:10452000FBF73DFE142202A9FD2005F0F9FB18B1AE
:1045300051A006F087F805E054A006F073F84FF09C
:10454000FF30D5E70CAB0DAA0021A12004F09CFBA5
:1045500018B155A006F076F805E058A006F062F80C
:104560004FF0FF30C4E70021FC2005F02BFC18B110
:1045700059A006F067F805E05CA006F053F84FF08C
:10458000FF30B5E705220021FB2005F0C9FB18B17B
:104590005CA006F057F805E05EA006F043F84FF087
:1045A000FF30A5E761A103C9CDE9000100226946FA
:1045B000FA2005F0B5FB18B15EA006F043F805E05F
:1045C00062A006F02FF84FF0FF3091E7002102A023
:1045D00006F048F800208BE74572726F7220486140
:1045E0006E646C696E6720546573740054657374EF
:1045F000696E67206572726F7220636F6E64697492
:10460000696F6E7320616E6420626F756E64617293
:10461000792063617365732E2E2E0A00696E7661B0
:104620006C6964206B6579206775617264000000B5
:10463000696E76616C6964206B65792073686F754B
:104640006C64206661696C0014A700086C6F6E676B
:1046500020737472696E6720677561726400000070
:104660006C6F6E6720737472696E672073686F7504
:104670006C64206661696C006F76657273697A6537
:104680002068657820677561726400006F766572D6
:1046900073697A65206865782073686F756C64202B
:1046A0006661696C000000006E756C6C20706F694B
:1046B0006E74657220677561726400006E756C6C53
:1046C00020706F696E7465722073686F756C6420FA
:1046D0006661696C000000006E756C6C207374720A
:1046E000696E672067756172640000006E756C6C9E
:1046F00020737472696E672073686F756C642066CE
:1047000061696C006E756C6C2068657820677561F6
:10471000726400006E756C6C206865782073686F39
:10472000756C64206661696C00000000010203047E
:10473000050000007A65726F206C656E67746820F2
:104740006865782067756172640000007A65726F31
:10475000206C656E677468206865782073686F7573
:104760006C64206661696C002DE9F0438DB086A011
:1047700005F09EFF88A0FCF745FE00270F260025C8
:10478000F6E0002008E005EBC50101EB051100EBA8
:10479000810108AA1154401C1028F4DB0024BEE05B
:1047A0004FF0FF38884800EB0410407B0D2876D28C
:1047B000DFE800F0971C7607112B37434E596781CD
:1047C0008D009DF82010804A02EB0412107905F04C
:1047D0005DFB804688E09DF8202051B27A4A02EBCA
:1047E0000412107905F0E4FA80467DE09DF820205F
:1047F0000AB1012200E000221146734A02EB0412C2
:10480000107905F079FA80466EE0089801906E49BB
:1048100001EB04110879BDF8041005F01BFB80467C
:1048200062E008980190684901EB04110879BDF92C
:10483000041005F0A1FA804656E0DDF820906249A8
:1048400001EB04110879494605F00DFB80464BE069
:10485000DDF820905C4901EB04110879494605F028
:1048600094FA804640E0DDE90801CDE900015649AF
:1048700001EB04110879DDE9002305F0FDFA80461B
:1048800032E0DDE90801CDE900014F4901EB0411F7
:104890000879DDE9002305F081FA804624E020E074
:1048A000DDF82090484901EB04110879494605F0EC
:1048B0002EFA804618E000208DF82900424901EBCD
:1048C0000411087908A905F07DFA80460CE03E49FC
:1048D00001EB041108790A2208A905F021FA8046A3
:1048E00002E04FF0FF3800BF00BFB8F1000F15D055
:1048F000354800EB0410407B0090334800EB041077
:104900000379314800EB0410027929462F48FCF75F
:1049100079FD4FF0FF300DB0BDE8F083641CB44268
:10492000FFF63EAF002415E0274901EB041108799A
:1049300002AB03AA04A904F0A7F950B1224800EB86
:1049400004100279294622A0FCF75CFD4FF0FF30ED
:10495000E1E7641CB442E7DB7F1C052095FBF0F126
:1049600000FB115018B9294625A0FCF74BFD6D1C22
:10497000142DFFF606AF2CA005F064FE002102A066
:1049800005F070FE0020C6E747432053747265733C
:10499000732054657374000054657374696E6720E6
:1049A0006D756C7469706C652067617262616765B2
:1049B00020636F6C6C656374696F6E206379636CE0
:1049C00065732E2E2E0A000070000020ECAA00084D
:1049D0004743207374726573732074657374207217
:1049E000656164206661696C656420617420726F22
:1049F000756E642025642C206B65792025640A007F
:104A000047432073747265737320746573742070E8
:104A1000726F67726573733A20726F756E642025CA
:104A2000642F32300A0000004743207374726573AC
:104A3000732074657374202D20323020726F756E70
:104A4000647320636F6D706C6574656400000000B2
:104A50002DE9F04F89B0E2A005F02AFEE6A0FCF7B0
:104A6000D1FC4FF00F0B002596E100248BE1EF48BD
:104A700000EB041090F804A0EC4800EB041090F850
:104A80000D904FF0FF36B9F10D0F75D2DFE809F048
:104A90007407E922374C637C9FC2F1E7E60005EB1F
:104AA000850004EB4000C7B20FB1012000E00020F8
:104AB0000146504605F020F9064656B123462A46DF
:104AC0005146DBA0FCF79EFC4FF0FF3009B0BDE87B
:104AD000F08F56E105EB850004EB4000C7B2394684
:104AE000504605F0D3F9064646B123462A465146BC
:104AF000DEA0FCF787FC4FF0FF30E7E741E105EB74
:104B0000850004EB400047B23946504605F050F9A5
:104B1000064646B123462A465146E3A0FCF772FCFE
:104B20004FF0FF30D2E72CE16420684304EB8401AE
:104B300000EB410087B23946504605F08BF9064636
:104B400046B123462A465146E6A0FCF75BFC4FF0EF
:104B5000FF30BBE715E16420684304EB840100EB00
:104B6000410007B23946504605F006F9064656B1EF
:104B700023462A46514600E0FCE0E9A0FCF742FC4F
:104B80004FF0FF30A2E7FCE04FF47A70684304EB8B
:104B9000C40101EB041100EB810020F00047204626
:104BA00004EBD0714910A4EB410101B97F423946B1
:104BB000504605F058F9064646B123462A46514666
:104BC000E6A0FCF71FFC4FF0FF307FE7D9E04FF481
:104BD0007A70684304EBC40101EB041100EB81001F
:104BE00020F00047204604EBD0714910A4EB4101AE
:104BF00001B97F423946504605F0C7F8064646B12E
:104C000023462A465146E4A0FCF7FCFB4FF0FF3058
:104C10005CE7B6E04FF47A70684304EBC40101EB43
:104C2000041100EB810020F000404FEAE0780746D5
:104C3000204604EBD0714910A4EB410119B90022C0
:104C40007F4262EB08083A464346504605F014F9A5
:104C500006466EB123462A46514603E06AE052E01A
:104C600007E030E0DBA0FCF7CDFB4FF0FF302DE795
:104C700087E04FF47A70684304EBC40101EB041140
:104C800000EB810020F000404FEAE0780746204624
:104C900004EBD0714910A4EB410119B900227F4205
:104CA00062EB08083A464346504605F077F8064658
:104CB00046B123462A465146D5A0FCF7A3FB4FF048
:104CC000FF3003E75DE02046FBF75EFBDF49029023
:104CD000FBF7EAFA80462846FBF756FB414603906D
:104CE000FBF78AFA07463946504605F010F80646A3
:104CF00046B123462A465146D5A0FCF783FB4FF028
:104D0000FF30E3E63DE02B46E0A20A2101A8009433
:104D1000FCF788FB01A9504605F054F8064646B159
:104D200023462A465146DBA0FCF76CFB4FF0FF30D0
:104D3000CCE626E0E8B28DF80C00E0B28DF80D006C
:104D40002819C0B28DF80E0005FB04F0C0B28DF832
:104D50000F00042203A9504604F0E2FF064646B1C4
:104D600023462A465146DAA0FCF74CFB4FF0FF30B1
:104D7000ACE606E04946E5A0FCF744FB4FF0FF3007
:104D8000A4E600BF641C5C45FFF671AE0622691CF8
:104D9000E3A0FCF737FB6D1C062DFFF666AE04ABF7
:104DA00005AA06A9A12003F06FFF98B99DF8140089
:104DB000012803D1E6A005F045FC03E20A229DF894
:104DC0001410EAA0FCF71EFBF5A005F02BFC4FF039
:104DD000FF307BE6F7A005F025FC4FF0FF3075E6CD
:104DE0004761726261676520436F6C6C65637469CB
:104DF0006F6E20546573740054657374696E672018
:104E00006761726261676520636F6C6C656374696A
:104E10006F6E2062792066696C6C696E67207365BD
:104E200063746F72732E2E2E0A0000007000002033
:104E30005B585D20474320746573743A204661696E
:104E40006C656420746F20777269746520424F4FDF
:104E50004C206B65793D25642C20726F756E643D26
:104E600025642C20693D25640A0000005B585D2004
:104E7000474320746573743A204661696C65642009
:104E8000746F2077726974652055494E5438206BD1
:104E900065793D25642C20726F756E643D25642C08
:104EA00020693D25640A00005B585D20474320745B
:104EB0006573743A204661696C656420746F20776D
:104EC0007269746520494E5438206B65793D2564BC
:104ED0002C20726F756E643D25642C20693D25641D
:104EE0000A0000005B585D20474320746573743AE4
:104EF000204661696C656420746F207772697465FF
:104F00002055494E543136206B65793D25642C205F
:104F1000726F756E643D25642C20693D25640A001E
:104F20005B585D20474320746573743A204661697D
:104F30006C656420746F20777269746520494E54E3
:104F40003136206B65793D25642C20726F756E6457
:104F50003D25642C20693D25640A00005B585D20D6
:104F6000474320746573743A204661696C65642018
:104F7000746F2077726974652055494E543332201E
:104F80006B65793D25642C20726F756E643D2564D8
:104F90002C20693D25640A005B585D20474320743E
:104FA0006573743A204661696C656420746F20777C
:104FB0007269746520494E543332206B65793D2502
:104FC000642C20726F756E643D25642C20693D252C
:104FD000640A00005B585D20474320746573743A8F
:104FE000204661696C656420746F2077726974650E
:104FF0002055494E543634206B65793D25642C206C
:10500000726F756E643D25642C20693D25640A002D
:105010005B585D20474320746573743A204661698C
:105020006C656420746F20777269746520494E54F2
:105030003634206B65793D25642C20726F756E6463
:105040003D25642C20693D25640A0000CDCCCC3D73
:105050005B585D20474320746573743A204661694C
:105060006C656420746F20777269746520464C4FBC
:105070004154206B65793D25642C20726F756E64F8
:105080003D25642C20693D25640A000052256449B1
:10509000256400005B585D20474320746573743AB3
:1050A000204661696C656420746F2077726974654D
:1050B00020535452494E47206B65793D25642C207E
:1050C000726F756E643D25642C20693D25640A006D
:1050D0005B585D20474320746573743A20466169CC
:1050E0006C656420746F2077726974652048455838
:1050F000206B65793D25642C20726F756E643D25AB
:10510000642C20693D25640A00000000756E6B6EFA
:105110006F776E20747970653A2025640A0000006C
:105120002D2D2D2D2D2D2D47617262616765204338
:105130006F6C6C656374696F6E2054657374207056
:10514000726F67726573733A2025642F25640A00B5
:105150006763207265616461626C65206166746575
:105160007220707265737375726500006275666691
:105170006572206F766572666C6F7720696E206746
:105180006320746573742C206C656E3A25642C2042
:105190006275665F73697A653A25640A00000000EB
:1051A000676320627566666572206F766572666CED
:1051B0006F77000067632072656164206661696CC7
:1051C000656400000021AFF2E83005F04BFA0020E2
:1051D0007CE400002DE9F04F8BB047A005F068FAA1
:1051E0004AA0FCF70FF96425002004E000F1AA01B1
:1051F00008AA1154401C0A28F8DBFBF731FD0446CD
:1052000000270FE03846F91707EB91718910A7EBDB
:105210008101A13101F0FF080A2208A9404604F0EB
:105220007FFD7F1CAF42EDDBFBF71AFD8246AAEB48
:105230000406FBF715FD0446002710E03846F91771
:1052400007EB91718910A7EB8101A13101F0FF08F3
:1052500003AB04AA05A9404603F016FD7F1CAF422C
:10526000ECDBFBF7FDFC8246AAEB040930A0FCF75F
:10527000C9F82846FBF788F802903046FBF78DF80E
:1052800001900299FBF742F88346FBF78BF8324610
:10529000CDE9000129462DA0FCF7B4F82846FBF71C
:1052A00073F802904846FBF778F801900299FBF7F3
:1052B0002DF88346FBF776F84A46CDE900012946EA
:1052C0002EA0FCF79FF842F21070864206D24010E2
:1052D000814503D235A005F0B5F907E038A005F007
:1052E000A1F94FF0FF300BB0BDE8F08F002102A014
:1052F00005F0B8F90020F6E7506572666F726D61CF
:105300006E63652054657374000000005465737407
:10531000696E6720726561642F77726974652070A9
:105320006572666F726D616E63652E2E2E0A0000C7
:10533000506572666F726D616E636520746573741B
:1053400020726573756C74733A0A000020205772DE
:105350006974653A202564206F7065726174696FA5
:105360006E7320696E20256C75206D732028252EA4
:105370003266206D732F6F70290A0000202052655D
:1053800061643A20202564206F7065726174696FD2
:105390006E7320696E20256C75206D732028252E74
:1053A0003266206D732F6F70290A00007065726677
:1053B0006F726D616E636520746573740000000028
:1053C000706572666F726D616E636520746573746B
:1053D000202D20746F6F20736C6F7700F0B58BB049
:1053E00045A005F065F94AA0FCF70CF800250A264F
:1053F000002469E0002006E004EB840100EB410199
:1054000006AA1154401C0A28F6DB9DF81810A120AA
:1054100004F03CFDBDF91810AC2004F0ADFC0A22EC
:1054200006A9A62004F07CFC05F058F9002845D117
:1054300001276B4601AA02A9A12003F025FC68B947
:105440009DF80400012809D19DF818009DF8081066
:10545000884203D19DF80000032800D000276B4646
:1054600001AA02A9AC2003F00FFC68B99DF8040062
:10547000022809D1BDF91800BDF90810884203D1EE
:105480009DF80000062800D000276B4601AA02A95B
:10549000A62003F0F9FB68B99DF804000A2809D199
:1054A0000A2202A906A8FAF79AFE18B99DF8000088
:1054B0000C2800D0002707B16D1C00BF3246611CCC
:1054C0001EA0FBF79FFF641CB44293DBB54203D1DF
:1054D00024A005F0B7F808E0324629462EA0FBF7D5
:1054E00091FF4FF0FF300BB0F0BD002102A005F09E
:1054F000B9F80020F7E70000506F776572204C6F15
:105500007373205374726573732054657374000051
:1055100054657374696E6720706F776572206C6F65
:105520007373207265636F76657279207363656E3D
:105530006172696F732E2E2E0A000000506F77651E
:1055400072206C6F7373207374726573732074654B
:1055500073742070726F67726573733A2025642FBD
:1055600025640A00706F776572206C6F7373207307
:1055700074726573732074657374202D20616C6C74
:10558000207265636F7665726965732073756363F6
:1055900065737366756C00004641494C202D207080
:1055A0006F776572206C6F73732073747265737399
:1055B00020746573743A2025642F25642072656316
:1055C0006F7665726965732073756363657373665F
:1055D000756C0A002DE9F04190B05DA005F068F807
:1055E0005FA0FBF70FFF66A0FBF70CFF0F2440F254
:1055F000DC55714E71A2D2E900109268CDE90E021D
:105600000D9171A000680C902146A12004F03EFC91
:1056100030B16EA0FBF7F6FE701310B0BDE8F0815C
:10562000A122214675A0FBF7EDFE2946A72004F034
:1056300011FC28B17BA0FBF7E5FE4FF0FF30ECE753
:10564000A722294683A0FBF7DDFE3146A82004F0FF
:105650009CFB28B189A0FBF7D5FE4FF0FF30DCE7BB
:10566000A822314691A0FBF7CDFE0DA9A52004F09C
:10567000A9FB28B197A0FBF7C5FE4FF0FF30CCE7A0
:10568000A5220DA99FA0FBF7BDFE04220CA9A62010
:1056900004F046FB28B1A5A0FBF7B4FE4FF0FF30A5
:1056A000BBE7A6219DF83300CDE900019DF832301B
:1056B0009DF831209DF83010A748FBF7A3FEA748BE
:1056C000FBF7A0FEA6A0FBF79DFEB4A0FBF79AFE99
:1056D00005F004F828B1C0A0FBF794FE4FF0FF30AE
:1056E0009BE7CDA0FBF78EFED7A0FBF78BFE002734
:1056F000002009900AAB0BAA09A9A12003F0C4FA63
:1057000028B1A121DFA0FBF77DFE01270EE29DF865
:105710002800032807D09DF828200321E3A0FBF7E9
:1057200071FE012702E29DF82C00012807D09DF8A8
:105730002C200121EAA0FBF765FE0127F6E19DF888
:105740002400A04203D09DF824202146E4E1E8E1B2
:10575000506F776572204C6F7373205465737400BB
:1057600054657374696E6720706F776572206C6F13
:105770007373207265636F766572792E2E2E0A0020
:105780000A2D2D2D20506861736520313A20577203
:105790006974696E67207465737420646174612034
:1057A0006265666F726520706F776572206C6F73CB
:1057B00073202D2D2D0A0000B4E2FFFF506F776596
:1057C000724F666600000000CAFEBABE5B585D20DC
:1057D0004661696C656420746F2077726974652016
:1057E00055494E5438206265666F726520706F7738
:1057F0006572206C6F73730A000000005B4F4B5D95
:10580000205772697474656E2055494E54383D2591
:105810006420746F206B6579203078253032580A07
:10582000000000005B585D204661696C656420746F
:105830006F2077726974652055494E543136206265
:1058400065666F726520706F776572206C6F737319
:105850000A0000005B4F4B5D205772697474656EDF
:105860002055494E5431363D256420746F206B65B8
:1058700079203078253032580A0000005B585D20CE
:105880004661696C656420746F2077726974652065
:10589000494E543332206265666F726520706F77AF
:1058A0006572206C6F73730A000000005B4F4B5DE4
:1058B000205772697474656E20494E5433323D2509
:1058C0006420746F206B6579203078253032580A57
:1058D000000000005B585D204661696C65642074BF
:1058E0006F20777269746520535452494E47206285
:1058F00065666F726520706F776572206C6F737369
:105900000A0000005B4F4B5D205772697474656E2E
:1059100020535452494E473D2725732720746F204A
:105920006B6579203078253032580A005B585D204D
:105930004661696C656420746F20777269746520B4
:10594000484558206265666F726520706F77657292
:10595000206C6F73730A0000B8A800082CA8000818
:105960000A2D2D2D20506861736520323A2053692D
:105970006D756C6174696E6720706F776572206CED
:105980006F737320616E642073797374656D207218
:1059900065626F6F74202D2D2D0A0000E29AA12000
:1059A000506F776572206C6F73732073696D756CBF
:1059B0006174696F6E3A205265696E697469616CD1
:1059C000697A696E6720666C617368207379737495
:1059D000656D2E2E2E0A00005B585D2043524954FF
:1059E0004943414C3A20466C617368207265696E88
:1059F000697469616C697A6174696F6E2066616946
:105A00006C656420616674657220706F77657220C2
:105A10006C6F7373210A00005B4F4B5D20466C6115
:105A200073682073797374656D207265696E69742B
:105A300069616C697A656420737563636573736605
:105A4000756C6C790A0000000A2D2D2D20506861BC
:105A5000736520333A20566572696679696E6720EE
:105A600064617461207265636F7665727920616626
:105A700074657220706F776572206C6F7373202D60
:105A80002D2D0A005B585D2055494E54383A20466A
:105A900061696C656420746F2072656164206B6558
:105AA00079203078253032580A0000005B585D209C
:105AB00055494E54383A2054797065206D69736D9C
:105AC00061746368202D2065787065637465643D3A
:105AD00025642C2061637475616C3D25640A0000A7
:105AE0005B585D2055494E54383A204C656E6774BA
:105AF00068206D69736D61746368202D206578700E
:105B000065637465643D25642C2061637475616C04
:105B10003D25640A0000000073A0FBF773FC012719
:105B200004E09DF824107DA0FBF76CFC0020089099
:105B30000AAB0BAA08A9A72003F0A6F828B1A72151
:105B400081A0FBF75FFC012728E09DF828000528CD
:105B500007D09DF82820052185A0FBF753FC0127DD
:105B60001CE09DF82C00022807D09DF82C20022173
:105B70008CA0FBF747FC012710E0BDF82000A842ED
:105B800007D0BDF82020294694A0FBF73BFC012755
:105B900004E0BDF820109FA0FBF734FC0020079024
:105BA0000AAB0BAA07A9A82003F06EF828B1A82118
:105BB000A4A0FBF727FC012725E09DF82800082872
:105BC00007D09DF828200821A8A0FBF71BFC01277F
:105BD00019E09DF82C00042807D09DF82C20042102
:105BE000AFA0FBF70FFC01270DE00798B04206D0ED
:105BF0003146B9A0079AFBF705FC012703E0C3A0D3
:105C00000799FBF7FFFB00200490059006900AAB74
:105C10000BAA04A9A52003F037F828B1A521C6A036
:105C2000FBF7F0FB012730E09DF828000B2807D098
:105C30009DF828200B21CAA0FBF7E4FB012724E0F4
:105C40000DA8FAF7B7FA401C9DF82C1088420CD02A
:105C50000DA8FAF7AFFA00F101089DF82C20414693
:105C6000CCA0FBF7CFFB01270FE00DA904A8FAF7A2
:105C7000A8FA30B104AA0DA9D4A0FBF7C3FB0127F1
:105C800003E004A9E0A0FBF7BDFB002003900AABF2
:105C90000BAA03A9A62002F0F7FF28B1A621E6A0CF
:105CA000FBF7B0FB012736E29DF828000C2807D04F
:105CB0009DF828200C21E9A0FBF7A4FB01272AE28C
:105CC0009DF82C00042807D09DF82C200421F0A07A
:105CD000FBF798FB01271EE204220CA903A8FAF7A0
:105CE0007EFA00B1EEE10AE25B585D2055494E5460
:105CF000383A2056616C7565206D69736D61746307
:105D000068202D2065787065637465643D25642C7A
:105D10002061637475616C3D25640A005B4F4B5DC7
:105D20002055494E54383A205265636F7665726546
:105D30006420636F72726563746C79202876616C7D
:105D400075653D2564290A005B585D2055494E5410
:105D500031363A204661696C656420746F20726543
:105D60006164206B6579203078253032580A000054
:105D70005B585D2055494E5431363A205479706550
:105D8000206D69736D61746368202D20657870657E
:105D9000637465643D25642C2061637475616C3D9A
:105DA00025640A005B585D2055494E5431363A202F
:105DB0004C656E677468206D69736D6174636820EB
:105DC0002D2065787065637465643D25642C2061C1
:105DD000637475616C3D25640A0000005B585D20AA
:105DE00055494E5431363A2056616C7565206D69BF
:105DF000736D61746368202D2065787065637465C8
:105E0000643D25642C2061637475616C3D25640AD2
:105E1000000000005B4F4B5D2055494E5431363A2F
:105E2000205265636F766572656420636F72726578
:105E300063746C79202876616C75653D2564290A48
:105E4000000000005B585D20494E5433323A204632
:105E500061696C656420746F2072656164206B6594
:105E600079203078253032580A0000005B585D20D8
:105E7000494E5433323A2054797065206D69736D00
:105E800061746368202D2065787065637465643D76
:105E900025642C2061637475616C3D25640A0000E3
:105EA0005B585D20494E5433323A204C656E67741E
:105EB00068206D69736D61746368202D206578704A
:105EC00065637465643D25642C2061637475616C41
:105ED0003D25640A000000005B585D20494E5433A4
:105EE000323A2056616C7565206D69736D6174631B
:105EF00068202D2065787065637465643D25642C89
:105F00002061637475616C3D25640A005B4F4B5DD5
:105F100020494E5433323A205265636F766572657C
:105F20006420636F72726563746C79202876616C8B
:105F300075653D2564290A005B585D20535452491C
:105F40004E473A204661696C656420746F20726523
:105F50006164206B6579203078253032580A000062
:105F60005B585D20535452494E473A20547970652E
:105F7000206D69736D61746368202D20657870658C
:105F8000637465643D25642C2061637475616C3DA8
:105F900025640A005B585D20535452494E473A200D
:105FA0004C656E677468206D69736D6174636820F9
:105FB0002D2065787065637465643D25642C2061CF
:105FC000637475616C3D25640A0000005B585D20B8
:105FD000535452494E473A2056616C7565206D699D
:105FE000736D61746368202D2065787065637465D6
:105FF000643D272573272C2061637475616C3D27F0
:106000002573270A000000005B4F4B5D205354525C
:10601000494E473A205265636F7665726564206326
:106020006F72726563746C79202876616C75653D5A
:1060300027257327290A00005B585D204845583AF8
:10604000204661696C656420746F2072656164200C
:106050006B6579203078253032580A005B585D2016
:106060004845583A2054797065206D69736D6174A4
:106070006368202D2065787065637465643D2564D0
:106080002C2061637475616C3D25640A000000007A
:106090005B585D204845583A204C656E677468200F
:1060A0006D69736D61746368202D20657870656318
:1060B0007465643D25642C2061637475616C3D25B5
:1060C000640A00001EA0FBF79DF99DF833000090C4
:1060D0009DF832309DF831209DF830101FA0FBF75D
:1060E00091F99DF80F0000909DF80E309DF80D205D
:1060F0009DF80C1025A0FBF785F901270BE09DF812
:106100000F0000909DF80E309DF80D209DF80C10AA
:106110002A48FBF777F92AA0FBF774F937B131A0C9
:1061200004F080FA4FF0FF30FFF777BA39A004F09F
:1061300089FA0021AFF6E81004F094FA0020F3E7A2
:106140005B585D204845583A2056616C7565206D56
:1061500069736D617463680A00000000202045784F
:106160007065637465643A205B3078253032582C52
:10617000203078253032582C203078253032582C79
:10618000203078253032585D0A000000202041631D
:106190007475616C3A2020205B3078253032582CA1
:1061A000203078253032582C203078253032582C49
:1061B000203078253032585D0A000000E4A700083E
:1061C0000A2D2D2D20506F776572204C6F73732030
:1061D000546573742053756D6D617279202D2D2D6A
:1061E0000A000000706F7765722D6C6F73732072F8
:1061F00065636F76657279202D20736F6D652064FD
:106200006174612077617320636F72727570746559
:1062100064000000706F7765722D6C6F737320726D
:1062200065636F76657279202D20616C6C206461E6
:10623000746120737572766976656420706F776516
:1062400072206C6F737300002DE9F04F89B04BA082
:1062500004F02EFA4EA0FBF7D5F800253227554C56
:10626000002672E0002009E05349614343F23902FD
:106270008C18C4F3074106AA1154401C0A28F3DB0A
:1062800004F00300A13000F0FF0A04F0030000F165
:1062900003080A20B4FBF0F100FB114000F10109F2
:1062A0004FF0FF3BB8F1030F09D0B8F1050F0DD047
:1062B000B8F1080F11D0B8F10C0F1BD113E09DF805
:1062C0001810504603F0E2FD834616E0BDF81810A2
:1062D000504603F0BFFD83460FE05046069903F099
:1062E00054FD834609E04A4606A9504603F018FDCE
:1062F000834602E04FF0FF3B00BF00BFBBF1000F41
:1063000015D101AB02AA03A9504602F0BDFC70B939
:106310009DF8080048450AD19DF80400404506D183
:106320004A4603A906A8F9F75AFF00B96D1C701C6C
:106330000A2190FBF1F201FB120028B92B463A46E4
:10634000711C1EA0FBF75EF8761CBE428ADBBD42C4
:1063500003D126A004F076F909E03A46294628A0A0
:10636000FBF750F84FF0FF3009B0BDE8F08F002187
:1063700002A004F077F90020F6E7000052616E6495
:106380006F6D2044617461205465737400000000D7
:1063900054657374696E672072616E646F6D2064FA
:1063A000617461207061747465726E732E2E2E0A92
:1063B00000000000785634126D4EC64152616E6482
:1063C0006F6D206461746120746573742070726FE6
:1063D00067726573733A2025642F25642C207375CA
:1063E00063636573733A2025640A000072616E640A
:1063F0006F6D206461746120746573740000000027
:106400004641494C202D2072616E646F6D2064619D
:10641000746120746573743A2025642F2564207498
:1064200065737473207375636365656465640A00DE
:1064300010B55148FAF7E6FF002450A0FAF7E2FF42
:1064400004F04CF920B159A0FAF7DCFF00BFFEE7D9
:10645000FCF7D2FD20B161A0FAF7D4FF00BFFEE740
:1064600002F072F920B169A0FAF7CCFF00BFFEE795
:10647000FDF782FC20B175A0FAF7C4FF00BFFEE76C
:10648000FDF786F920B17BA0FAF7BCFF00BFFEE75D
:1064900002F05AF920B17FA0FAF7B4FF00BFFEE77F
:1064A0008AA0FAF7AFFFFEF70BF820B191A0FAF738
:1064B000A9FF00BFFEE7FDF70FFB20B198A0FAF798
:1064C000A1FF00BFFEE79FA0FAF79CFF01F074FA5E
:1064D00020B1A6A0FAF796FF00BFFEE702F034F95C
:1064E00020B1ACA0FAF78EFF00BFFEE7B8A0FAF724
:1064F00089FFFDF797FC20B1C1A0FAF783FF00BF29
:10650000FEE702F021F920B1C948FAF77BFF00BF8E
:10651000FEE7C8A0FAF776FFFEF79AFA20B1D0A0FE
:10652000FAF770FF00BFFEE702F00EF920B1D8A025
:10653000FAF768FF00BFFEE7FEF716F920B1E4A006
:10654000FAF760FF00BFFEE702F0FEF820B1ED4869
:10655000FAF758FF00BFFEE7EBA0FAF753FFFFF78B
:1065600039F820B1F4A0FAF74DFF00BFFEE702F0C2
:10657000EBF800B1F8E1FCE170A800080A2D2D2D20
:1065800020506861736520313A204261736963204D
:1065900046756E6374696F6E616C697479205465B9
:1065A000737473202D2D2D0A0000000043524954AE
:1065B0004943414C204641494C5552453A20466C8E
:1065C00061736820696E697469616C697A61746964
:1065D0006F6E206661696C65640A0000544553540F
:1065E000204641494C45443A204261736963206624
:1065F000756E6374696F6E616C697479207465730C
:1066000074206661696C65640A0000005445535447
:10661000204641494C45443A2042617369632066F3
:10662000756E6374696F6E616C69747920696E74DC
:1066300065677269747920766572696669636174E9
:10664000696F6E206661696C65640A005445535435
:10665000204641494C45443A204461746120736F9F
:10666000757263652074657374206661696C656416
:106670000A00000054455354204641494C45443AD1
:106680002042617463682074657374206661696C6C
:1066900065640A0054455354204641494C45443AE8
:1066A000204461746120736F7572636520696E7434
:1066B0006567726974792076657269666963617469
:1066C000696F6E206661696C65640A000A2D2D2D64
:1066D00020506861736520323A204572726F7220D3
:1066E00048616E646C696E67205465737473202D05
:1066F0002D2D0A0054455354204641494C45443AF7
:10670000204572726F722068616E646C696E6720DA
:1067100074657374206661696C65640A000000002A
:1067200054455354204641494C45443A20426F75E4
:106730006E646172792074657374206661696C653A
:10674000640A00000A2D2D2D2050686173652033E6
:106750003A20547970652D53616665204150492077
:106760005465737473202D2D2D0A00005445535425
:10677000204641494C45443A20547970652D736157
:106780006665204150492074657374206661696CA8
:1067900065640A0054455354204641494C45443AE7
:1067A00020547970652D73616665204150492069D8
:1067B0006E7465677269747920766572696669635B
:1067C0006174696F6E206661696C65640A0000001F
:1067D0000A2D2D2D20506861736520343A204461C4
:1067E0007461205479706520436F6E7369737465AA
:1067F0006E6379205465737473202D2D2D0A00006B
:1068000054455354204641494C45443A2044617410
:1068100061207479706520636F6E73697374656E3F
:1068200063792074657374206661696C65640A001D
:10683000ACAC00080A2D2D2D205068617365203501
:106840003A204761726261676520436F6C6C6563D3
:1068500074696F6E205465737473202D2D2D0A009A
:1068600054455354204641494C45443A20476172AF
:106870006261676520636F6C6C656374696F6E201D
:1068800074657374206661696C65640A00000000B9
:1068900054455354204641494C45443A204761727F
:1068A0006261676520636F6C6C656374696F6E20ED
:1068B000696E746567726974792076657269666954
:1068C000636174696F6E206661696C65640A0000BB
:1068D00054455354204641494C45443A204761723F
:1068E0006261676520636F6C6C656374696F6E20AD
:1068F0007374726573732074657374206661696C58
:1069000065640A001CAC00080A2D2D2D205068611A
:10691000736520363A20506F776572204C6F737321
:10692000205265636F7665727920546573747320A5
:106930002D2D2D0A00000000544553542046414996
:106940004C45443A20506F776572206C6F7373200A
:106950007265636F76657279207465737420666101
:10696000696C65640A00000028A0FAF74BFD00BFBF
:10697000FEE7FEF733FD20B134A0FAF743FD00BF78
:10698000FEE701F0E1FE20B13B48FAF73BFD00BF16
:10699000FEE73AA0FAF736FD00F00AF9044301F0E9
:1069A000D3FE08B1012000E00020044324B13BA045
:1069B000FAF728FD00BFFEE73EA0FAF723FDFEF739
:1069C00009FCFFF741FC01F0BFFE08B1012000E027
:1069D0000020044341A0FAF715FD01F0B5FE08B10F
:1069E000012000E00020044348A0FAF70BFD52A06C
:1069F000FAF708FD58A0FAF705FD62A0FAF702FDC4
:106A000014B14FF0FF3010BD0020FCE75445535443
:106A1000204641494C45443A20506F776572206CBE
:106A20006F7373207265636F7665727920696E7417
:106A300065677269747920766572696669636174E5
:106A4000696F6E206661696C65640A005445535431
:106A5000204641494C45443A20506F776572206C7E
:106A60006F7373207374726573732074657374200D
:106A70006661696C65640A0068AC00080A2D2D2DFA
:106A800020506861736520363A20537472657373C1
:106A9000205465737473202D2D2D0A005374726574
:106AA0007373205465737473206661696C65640A3E
:106AB000000000000A2D2D2D2050686173652037DD
:106AC0003A20506572666F726D616E636520546521
:106AD000737473202D2D2D0A000000000A2D2D2D1A
:106AE00020506861736520383A2046696E616C20D9
:106AF000496E746567726974792056657269666952
:106B0000636174696F6E202D2D2D0A000A3D3D3D95
:106B10003D3D3D3D3D3D3D205465737420537569B9
:106B2000746520526573756C7473203D3D3D3D3D29
:106B30003D3D3D3D3D0A0000414C4C2054455354E1
:106B400053205041535345442053554343455353D9
:106B500046554C4C590A0000466C617368207374AA
:106B60006F726167652073797374656D2069732036
:106B7000776F726B696E6720636F72726563746C96
:106B8000790A00003D3D3D3D3D3D3D3D3D3D3D3DA6
:106B90003D3D3D3D3D3D3D3D3D3D3D3D3D3D3D3D25
:106BA0003D3D3D3D3D3D3D3D3D3D3D3D3D3D0A0085
:106BB0002DE9F04F9FB0E9A003F07AFDEAA0FAF7C3
:106BC00021FC00270020189019901A901B900F208C
:106BD0001790002013E0F44A02EB0012517B18AA30
:106BE000525C022A09DA3A467B1CDFB21CAB98548D
:106BF00018AA525C521C18AB5A54411CC8B21799BF
:106C0000884201DA052FE6DB3FB9E8A0FAF7FAFB84
:106C10004FF0FF301FB0BDE8F08F3946EDA0FAF716
:106C2000F1FB002446E01CA8065D0FF2D439DE48D3
:106C300000EB0610407B0D282CD2DFE800F02B077C
:106C4000220A0D101316191C1F2528000FF2B8393F
:106C500020E00FF2BC391DE00FF2BC391AE00FF250
:106C6000C03917E00FF2C03914E00FF2C43911E057
:106C70000FF2C4390EE00FF2C8390BE00FF2C83939
:106C800008E00FF2CC3905E00FF2CC3902E00FF248
:106C9000D03900BF00BFC44800EB0610407B009015
:106CA000C14800EB061002794B462146EDA0FAF7E9
:106CB000A9FB641CBC42B6DBC5A0FAF7A3FB4FF0EE
:106CC00064084FF0000B00201690159000251490DA
:106CD00013900024B3E394FBF7F007FB10401CA9CA
:106CE000085C1290B049129801EB001000791190E5
:106CF000129801EB001090F80D904FF0FF301090BB
:106D000000200C900D900E900F90089009900A9022
:106D10000B908246B9F10D0F7BD2DFE809F0EF0747
:106D2000A31C283C485D697B8DB7DA00204604EB44
:106D3000D0714910A4EB410109B1012100E000210B
:106D40008DF830109DF83010119802F0D5FF10909A
:106D50004FF0010ADEE0E0B28DF830009DF830100F
:106D6000119803F093F810904FF0010AD2E02046FA
:106D7000E11704EB11610912A4EB0121803949B23A
:106D80008DF830109DF93010119803F011F8109023
:106D90004FF0010ABEE0A0B2ADF83000BDF83010EF
:106DA000119803F057F810904FF0020AB2E0204615
:106DB000E11704EB11410914A4EB0141A1F50041D5
:106DC00009B2ADF83010BDF93010119802F0D4FFBF
:106DD00010904FF0020A9DE04FF47A7060430C90DF
:106DE0000C99119803F03FF810904FF0040A91E0CD
:106DF00004EBC40000EB04104CF25031C1EB8000F6
:106E00000C900C99119802F0C0FF10904FF0040AFA
:106E100080E073E09D4884FB0010CDE90C10DDE9B3
:106E20000C0102460B46CDE90401119803F024F849
:106E300010904FF0080A6DE0944884FB0020944BBA
:106E4000D21A60F10000CDE90C20DDE90C01024608
:106E50000B46CDE90401119802F0A0FF10904FF00D
:106E6000080A57E02046F9F78FFA8A490490F9F7A3
:106E70001BFA89490590F9F7BFF90C900C99119804
:106E800002F045FF10904FF0040A43E04FF47A708F
:106E900094FBF0F100FB1140034680A20A2104900C
:106EA0000CA8FAF7BFFA059005980A2805DB092017
:106EB000059000210CAA059811540CA9119802F014
:106EC00081FF10900CA8F9F775F9401C00F0FF0A3B
:106ED00020E0E0B28DF83000200A8DF83100200C5F
:106EE0008DF83200200E8DF8330004220CA9119881
:106EF00002F016FF10904FF0040A0BE022464946BC
:106F00006748119BFAF77EFA66A003F08BFB4FF0FF
:106F1000FF307FE600BF109860B11698401C1690B5
:106F20001698032805DC4B46214667A0119AFAF70C
:106F300069FA83E200200790069006AB07AA08A929
:106F4000119801F0A1FE38B11598401C15901598C4
:106F5000032802DC2146D3E0D7E0D5E05374726504
:106F6000737320546573740054657374696E67207D
:106F7000686967682D766F6C756D652077726974C6
:106F800065206F7065726174696F6E7320776974C4
:106F90006820616C6C206461746120747970657321
:106FA0002E2E2E0A00000000700000205B585D208D
:106FB000435249544943414C3A204E6F2074657303
:106FC00074206B6579732073656C656374656421E7
:106FD0000A00000053656C656374656420256420B5
:106FE0006B65797320636F766572696E6720616C7B
:106FF0006C20646174612074797065733A0A0000D2
:10700000554E4B4E4F574E00424F4F4C0000000024
:1070100055494E5438000000494E543800000000D5
:1070200055494E5431360000494E54313600000067
:1070300055494E5433320000494E5433320000005B
:1070400055494E5436340000494E54363400000041
:10705000464C4F4154000000535452494E470000E3
:107060004845580020205B2532645D204B6579201F
:10707000307825303258202D20252D387320287463
:107080007970653D2564290A0000000040420F0028
:107090000065CD1D6DE7FB3DD00F494054256400D0
:1070A000FCA8000873747265737320746573742090
:1070B0002D20756E737570706F72746564206461D5
:1070C00074612074797065005B585D205772697433
:1070D00065206661696C65642061742069746572FD
:1070E0006174696F6E2025642C206B65793D307862
:1070F000253032582C20747970653D25640A0000D3
:10710000E5A0119AFAF77EF998E19DF81800484534
:107110000FD01498401C14901498032808DC9DF894
:1071200018004B4600902146E748119AFAF76AF991
:1071300084E19DF81C0050450FD01398401C13901B
:107140001398032808DC9DF81C0053460090214644
:10715000DE48119AFAF756F970E10026B9F10D0FE1
:1071600073D2DFE809F07207D71D33495F77899B37
:10717000B9FBF3009DF820009DF83010884201D142
:10718000012000E0002006464EB9032D07DA9DF8E5
:1071900020309DF830202146CDA0FAF733F930E1B8
:1071A0009DF820009DF83010884201D1012000E0B8
:1071B000002006464EB9032D07DA9DF820309DF8D1
:1071C00030202146D1A0FAF71DF91AE19DF92000DF
:1071D0009DF93010884201D1012000E000200646D0
:1071E0004EB9032D07DA9DF920309DF93020214654
:1071F000D5A0FAF707F904E1BDF82000BDF830107A
:10720000884201D1012000E0002006464EB9032D3E
:1072100007DABDF82030BDF830202146D9A0FAF7B2
:10722000F1F8EEE0BDF92000BDF93010884201D13F
:10723000012000E0002006465EB9032D09DABDF901
:107240002030BDF93020214600E0D3E0DDA0FAF780
:10725000D9F8D6E00C990898884201D1012000E0C5
:10726000002006463EB9032D05DA2146E4A0089B1E
:107270000C9AFAF7C7F8C4E00C990898884201D133
:10728000012000E0002006463EB9032D05DA214624
:10729000EBA0089B0C9AFAF7B5F8B2E0DDE90C32E6
:1072A000DDE9081059405040014301D1012000E0C0
:1072B000002006467EB9032D0DDADDE90801CDE98F
:1072C0000001DDE90C0102460B46CDE9040121462F
:1072D000EA48FAF797F894E0DDE90C32DDE90810A6
:1072E00059405040014301D1012000E000200646F2
:1072F0007EB9032D0DDADDE90801CDE90001DDE9F4
:107300000C0102460B46CDE904012146DCA0FAF748
:1073100079F876E008990C98F9F758F801D101202E
:1073200000E000200646C6B9032D16DA0898F9F7E2
:1073300039F8CDE904010C98F9F734F8CDE90201E8
:10734000DDE90401CDE90001214601E019E005E095
:10735000DBA0DDE90223FAF755F852E00CA908A8F2
:10736000F8F72FFF08B9012000E0002006463EB9DB
:10737000032D05DA08AB0CAA2146E048FAF742F8DB
:107380003FE052460CA908A8F8F729FF08B90120E8
:1073900000E00020064666BB032D2ADA2146D8A06D
:1073A000FAF730F8E0A0FAF72DF80020059008E091
:1073B0000CAA0598115CE0A0FAF724F80598401C87
:1073C000059005985045F3DBDDA0FAF71BF8002087
:1073D000059008E008AA0598115CD7A0FAF712F802
:1073E0000598401C059005985045F3DBD8A0FAF7A6
:1073F00009F806E04946D7A0FAF704F84FF0FF3045
:1074000008E400BF16B10BF1010B00E06D1C601C1D
:10741000642190FBF1F201FB120070B9DDE9142147
:107420001398CDE90305CDE9011216985B46424653
:10743000611C0090D5A0F9F7E5FF00BF641C44452E
:10744000FFF649ACE1A0F9F7DDFF4146EAA0F9F704
:10745000D9FF4046F8F798FF12905846F8F794FF86
:10746000ED491190F8F720FF06461299F8F74EFF04
:107470000446F8F797FF81464A460B465946E7A06F
:10748000F9F7C0FFF0A01699F9F7BCFFF6A015991F
:10749000F9F7B8FFF8E100005B585D2052656164C0
:1074A000206661696C65642061742069746572612D
:1074B00074696F6E2025642C206B65793D307825CA
:1074C0003032580A0000000034AB00087CAB0008E2
:1074D0005B585D20424F4F4C20766572696679207B
:1074E0006661696C65642061742069746572617499
:1074F000696F6E2025643A2077726F74653D25644C
:107500002C20726561643D25640A00005B585D2093
:1075100055494E54382076657269667920666169EE
:107520006C656420617420697465726174696F6E42
:107530002025643A2077726F74653D25642C207293
:107540006561643D25640A005B585D20494E5438EE
:1075500020766572696679206661696C6564206170
:107560007420697465726174696F6E2025643A20B5
:1075700077726F74653D25642C20726561643D25CA
:10758000640A00005B585D2055494E543136207620
:107590006572696679206661696C65642061742032
:1075A000697465726174696F6E2025643A20777220
:1075B0006F74653D25642C20726561643D25640A05
:1075C000000000005B585D20494E5431362076653E
:1075D00072696679206661696C65642061742069EE
:1075E0007465726174696F6E2025643A2077726FDA
:1075F00074653D25642C20726561643D25640A0034
:107600005B585D2055494E54333220766572696669
:1076100079206661696C65642061742069746572A3
:107620006174696F6E2025643A2077726F74653DCE
:1076300025752C20726561643D25750A00000000E7
:107640005B585D20494E5433322076657269667905
:10765000206661696C65642061742069746572617B
:1076600074696F6E2025643A2077726F74653D25CA
:10767000642C20726561643D25640A00F0AC00084A
:107680005B585D20494E54363420766572696679C0
:10769000206661696C65642061742069746572613B
:1076A00074696F6E2025643A2077726F74653D258A
:1076B0006C6C642C20726561643D256C6C640A00FE
:1076C0005B585D20464C4F4154207665726966795F
:1076D000206661696C6564206174206974657261FB
:1076E00074696F6E2025643A2077726F74653D254A
:1076F000662C20726561643D25660A00A0A700081B
:107700005B585D2048455820766572696679206629
:1077100061696C6564206174206974657261746963
:107720006F6E2025640A0000202045787065637420
:1077300065643A205B0000002530325820000000CC
:107740005D0A202041637475616C3A2020205B0043
:107750005D0A00005B585D20435249544943414C47
:107760003A20556E6B6E6F776E2064617461207481
:1077700079706520696E20766572696669636174E7
:10778000696F6E3A2025640A0000000050726F672E
:10779000726573733A2025642F2564206F707320FF
:1077A0007C205B4F4B5D202564207C205B585D2056
:1077B000573A256420523A256420543A2564204CD7
:1077C0003A256420563A25640A0000000A3D3D3DF2
:1077D0003D3D3D3D3D3D3D205374726573732054E6
:1077E00065737420526573756C7473203D3D3D3D27
:1077F0003D3D3D3D3D3D0A00546F74616C206F700E
:1078000065726174696F6E733A20202020202020F9
:107810002025640A000000000000C8425B4F4B5D59
:10782000205375636365737366756C3A202020205E
:10783000202020202020202025642028252E31668D
:107840002525290A000000005B585D2057726974E5
:1078500065206661696C757265733A20202020206E
:1078600020202025640A00005B585D205265616479
:10787000206661696C757265733A20202020202093
:1078800020202025640A000013A01499F9F7BAFDFE
:1078900019A01399F9F7B6FD29461FA0F9F7B2FD13
:1078A00025A0F9F7AFFDC34509D12EA002F0CAFE0D
:1078B0000021AFF6581002F0D5FE0020A0E534A05C
:1078C00002F0B0FE4FF0FF31AFF6701002F0CAFECA
:1078D0004FF0FF3094E500005B585D2054797065EF
:1078E000206D69736D6174636865733A2020202090
:1078F00020202025640A00005B585D204C656E67DF
:107900007468206D69736D6174636865733A2020D3
:1079100020202025640A00005B585D2056657269AE
:107920006669636174696F6E206661696C75726502
:10793000733A2025640A00003D3D3D3D3D3D3D3DFF
:107940003D3D3D3D3D3D3D3D3D3D3D3D3D3D3D3D67
:107950003D3D3D3D3D3D3D3D3D3D3D3D3D3D3D3D57
:107960003D3D0A00737472657373207465737420EF
:107970002D20616C6C2031303030206F7065726169
:1079800074696F6E73207375636365656465640005
:107990007374726573732074657374202D20736F14
:1079A0006D65206F7065726174696F6E73206661BA
:1079B000696C6564000000002DE9F04F91B08FA064
:1079C00002F076FE92A0F9F71DFD0120109099A01B
:1079D000F9F718FD01200F90AA200F9902F08CF9F9
:1079E00080B906AB07AA08A9AA2001F04DF918B979
:1079F0009BA0F9F707FD04E0A0A0F9F703FD002024
:107A0000109004E0A4A0F9F7FDFC002010904FF0C6
:107A1000AB084146A22002F039FA00281DD106AB7E
:107A200007AA08A9A22001F02FF980B99DF820002B
:107A3000404503D19FA0F9F7E5FC0DE09DF820201B
:107A40004146A3A0F9F7DEFC0020109004E0AFA0AF
:107A5000F9F7D8FC0020109004E0B3A0F9F7D2FCAD
:107A6000002010906FF031094946AB2002F0A0F9D8
:107A700000281DD106AB07AA08A9AB2001F004F924
:107A800080B99DF92000484503D1AEA0F9F7BAFCB2
:107A90000DE09DF920204946B1A0F9F7B3FC002084
:107AA000109004E0BBA0F9F7ADFC0020109004E0BA
:107AB000BFA0F9F7A7FC0020109041F2342A5146EC
:107AC000A32002F0C7F900281DD106AB07AA08A918
:107AD000A32001F0D9F880B9BDF82000504503D1AA
:107AE000BAA0F9F78FFC0DE0BDF820205146BFA0E9
:107AF000F9F788FC0020109004E0CBA0F9F782FC95
:107B00000020109004E0CFA0F9F77CFC002010903A
:107B1000DFF850B35946AC2002F02EF900281DD1F1
:107B200006AB07AA08A9AC2001F0AEF880B9BDF9F0
:107B30002000584503D1CCA0F9F764FC0DE0BDF955
:107B400020205946CFA0F9F75DFC0020109004E0FA
:107B5000D9A0F9F757FC0020109004E0DDA0F9F758
:107B600051FC00201090E2480E90AD200E9902F0DA
:107B70007AF900281CD106AB07AA08A9AD2001F0AC
:107B800083F878B908990E98814203D1D9A0F9F702
:107B900039FC0CE0DFA0089A0E99F9F733FC0020BD
:107BA000109004E0EAA0F9F72DFC0020109004E00A
:107BB000EEA0F9F727FC00201090F4480D90A820C3
:107BC0000D9902F0E2F8B8B906AB07AA08A9A820F7
:107BD00001F05AF878B908990D98814203D1ECA0C8
:107BE000F9F710FC01E2F1A0089A0D99F9F70AFCE7
:107BF00000201090F9E1F3E1F8E10000547970659C
:107C00002D5361666520415049205465737400000E
:107C100054657374696E6720747970652D7361663D
:107C200065204150492066756E6374696F6E732ECE
:107C30002E2E0A000A2D2D2D2054657374696E674F
:107C40002046697865642D4C656E677468205479A8
:107C500070652041504973202D2D2D0A0000000031
:107C60005B4F4B5D20626F6F6C2041504920746503
:107C70007374207061737365640A00005B585D2043
:107C8000626F6F6C204150492072656164206661AB
:107C9000696C65640A0000005B585D20626F6F6C60
:107CA00020415049207772697465206661696C656E
:107CB000640A00005B4F4B5D2075696E743820418B
:107CC00050492074657374207061737365640A0091
:107CD0005B585D2075696E7438204150492076618B
:107CE0006C7565206D69736D617463683A206578A1
:107CF0007065637465643D3078253032582C206798
:107D00006F743D3078253032580A00005B585D2092
:107D100075696E743820415049207265616420662F
:107D200061696C65640A00005B585D2075696E745A
:107D30003820415049207772697465206661696C0A
:107D400065640A005B4F4B5D20696E7438204150BA
:107D5000492074657374207061737365640A000050
:107D60005B585D20696E7438204150492076616C03
:107D70007565206D69736D617463683A206578700C
:107D800065637465643D25642C20676F743D2564CC
:107D90000A0000005B585D20696E7438204150492C
:107DA0002072656164206661696C65640A00000088
:107DB0005B585D20696E74382041504920777269A4
:107DC0007465206661696C65640A00005B4F4B5DF9
:107DD0002075696E74313620415049207465737482
:107DE000207061737365640A000000005B585D20B9
:107DF00075696E743136204150492076616C756525
:107E0000206D69736D617463683A2065787065638D
:107E10007465643D3078253034582C20676F743D8C
:107E20003078253034580A005B585D2075696E74CF
:107E30003136204150492072656164206661696C69
:107E400065640A005B585D2075696E7431362041A7
:107E50005049207772697465206661696C65640AAF
:107E600000000000D08AFFFF5B4F4B5D20696E74FD
:107E700031362041504920746573742070617373EA
:107E800065640A005B585D20696E7431362041508C
:107E9000492076616C7565206D69736D61746368E6
:107EA0003A2065787065637465643D25642C2067AD
:107EB0006F743D25640A00005B585D20696E743163
:107EC00036204150492072656164206661696C65A5
:107ED000640A00005B585D20696E743136204150A1
:107EE00049207772697465206661696C65640A006F
:107EF000785634125B4F4B5D2075696E74333220B7
:107F00004150492074657374207061737365640A0D
:107F1000000000005B585D2075696E7433322041AB
:107F200050492076616C7565206D69736D6174636D
:107F3000683A2065787065637465643D30782530F3
:107F400038582C20676F743D3078253038580A0037
:107F50005B585D2075696E74333220415049207240
:107F6000656164206661696C65640A005B585D2028
:107F700075696E7433322041504920777269746597
:107F8000206661696C65640A00000000006CCA88A4
:107F90005B4F4B5D20696E74333220415049207431
:107FA000657374207061737365640A005B585D20AB
:107FB000696E743332204150492076616C756520BA
:107FC0006D69736D617463683A2065787065637478
:107FD00065643D25642C20676F743D25640A0000AC
:107FE000ADA0F9F70FFA0020109004E0B1A0F9F766
:107FF00009FA00201090B6480C90A9200C9901F0C5
:1080000086FE00282BD106AB07AA08A9A92000F0FC
:108010003BFEF0B90C990898F8F7D8F903D1ADA058
:10802000F9F7F0F91AE00898F8F7BCF9CDE904017E
:108030000C98F8F7B7F9CDE90201DDE90401CDE9C3
:108040000001ABA0DDE90223F9F7DCF90020109074
:1080500004E0B4A0F9F7D6F90020109004E0B8A02D
:10806000F9F7D0F900201090BC4CBD4D22462B46AC
:10807000AE2001F001FF10BB04AB05AA06A9AE209B
:1080800000F002FEA8B9DDE906016040694008433E
:1080900003D1B4A0F9F7B6F910E0DDE906012246F4
:1080A0002B46CDE90001B748F9F7ACF90020109054
:1080B00004E0B5A0F9F7A6F90020109004E0B9A0FB
:1080C000F9F7A0F900201090A44E7642A44FFF4388
:1080D00032463B46AF2001F061FE50BB04AB05AA1F
:1080E00006A9AF2000F0D0FDE8B9DDE90610714027
:1080F000784001430BD19DF810000A2807D19DF864
:108100001400082803D1AFA0F9F77CF910E0DDE9ED
:10811000060132463B46CDE90001B148F9F772F954
:108120000020109004E0AFA0F9F76CF90020109047
:1081300004E0B3A0F9F766F900201090B7A0F9F7B2
:1081400061F9C1A00B90A5200B9901F03BFE68BB23
:1081500002AB03AA04A9A52000F096FD00BB0B9872
:10816000F8F728F8401C9DF80C10884208D104A8A4
:108170000B99F8F726F818B9B5A0F9F743F914E008
:108180000B98F8F717F8401C019000909DF80C3000
:1081900004AAB7480B99F9F735F90020109004E0CC
:1081A000B4A0F9F72FF90020109004E0B8A0F9F777
:1081B00029F900201090BEA103C9CDE909010622CA
:1081C00009A9A62001F0ACFD00BB05AB06AA07A9D2
:1081D000A62000F059FD98B99DF81800062809D18D
:1081E000062207A909A8F7F7FAFF18B9B2A0F9F70C
:1081F00009F90AE0B7A0F9F705F90020109004E0AA
:10820000BBA0F9F7FFF80020109004E0BFA0F9F739
:10821000F9F800201090C4A0F9F7F4F8032000F05A
:108220007BFE012803D1CAA0F9F7ECF804E0D0A046
:10823000F9F7E8F800201090052000F06DFE022804
:1082400003D1D3A0F9F7DEF804E0D9A0F9F7DAF802
:1082500000201090072000F05FFE042803D1DCA06E
:10826000F9F7D0F804E0E2A0F9F7CCF8002010907C
:108270000B2000F051FE18B9E5A0F9F7C3F804E0AF
:10828000F0A0F9F7BFF8002010900C2000F044FE99
:1082900000B9E7E1EAE100005B585D20696E7433E4
:1082A00032204150492072656164206661696C65C5
:1082B000640A00005B585D20696E743332204150BF
:1082C00049207772697465206661696C65640A008B
:1082D000D00F49405B4F4B5D20666C6F617420414D
:1082E00050492074657374207061737365640A006B
:1082F0005B585D20666C6F61742041504920766147
:108300006C7565206D69736D617463683A2065787A
:108310007065637465643D25662C20676F743D2528
:10832000660A00005B585D20666C6F6174204150E6
:10833000492072656164206661696C65640A0000A9
:108340005B585D20666C6F617420415049207772E4
:10835000697465206661696C65640A00F0DEBC9A28
:10836000785634125B4F4B5D2075696E743634203D
:108370004150492074657374207061737365640A99
:108380000000000084A900085B585D2075696E74C8
:108390003634204150492072656164206661696C01
:1083A00065640A005B585D2075696E74363420413F
:1083B0005049207772697465206661696C65640A4A
:1083C000000000005B4F4B5D20696E743634204125
:1083D00050492074657374207061737365640A007A
:1083E00040A900085B585D20696E74363420415006
:1083F000492072656164206661696C65640A0000E9
:108400005B585D20696E7436342041504920777284
:10841000697465206661696C65640A000A2D2D2DFA
:108420002054657374696E67205661726961626C6D
:10843000652D4C656E6774682054797065204150D5
:108440004973202D2D2D0A0048656C6C6F000000CB
:108450005B4F4B5D20737472696E672041504920F9
:1084600074657374207061737365640A00000000A2
:10847000C8AB00085B585D20737472696E67204159
:1084800050492072656164206661696C65640A0008
:108490005B585D20737472696E6720415049207784
:1084A00072697465206661696C65640A0000000089
:1084B000DEADBEEFCAFE00005B4F4B5D2068657805
:1084C0002041504920746573742070617373656432
:1084D0000A0000005B585D20686578204150492003
:1084E00076616C7565206D69736D617463680A00EF
:1084F0005B585D2068657820415049207265616451
:10850000206661696C65640A000000005B585D20AC
:1085100068657820415049207772697465206661EA
:10852000696C65640A0000000A2D2D2D20546573C6
:1085300074696E6720547970652053697A65205696
:10854000616C69646174696F6E202D2D2D0A0000C5
:108550005B4F4B5D2055494E54382074797065202F
:1085600073697A6520636F72726563740A00000034
:108570005B585D2055494E543820747970652073DE
:10858000697A6520696E636F72726563740A0000B0
:108590005B4F4B5D2055494E5431362074797065E0
:1085A0002073697A6520636F72726563740A0000D4
:1085B0005B585D2055494E543136207479706520E2
:1085C00073697A6520696E636F72726563740A00FD
:1085D0005B4F4B5D2055494E5433322074797065A2
:1085E0002073697A6520636F72726563740A000094
:1085F0005B585D2055494E543332207479706520A4
:1086000073697A6520696E636F72726563740A00BC
:108610005B4F4B5D20535452494E4720747970652F
:108620002073697A6520636F72726563742028769F
:1086300061726961626C65206C656E677468290A95
:10864000000000005B585D20535452494E4720748F
:108650007970652073697A6520696E636F727265DF
:1086600063740A000EA0F8F7CDFE04E018A0F8F736
:10867000C9FE00201090109818B11DA001F0E2FF73
:1086800007E027A001F0CEFF4FF0FF3011B0BDE8AA
:10869000F08F0021AFF69C2001F0E4FF0020F5E709
:1086A0005B4F4B5D20484558207479706520736995
:1086B0007A6520636F7272656374202876617269CF
:1086C00061626C65206C656E677468290A00000041
:1086D0005B585D2048455820747970652073697A2D
:1086E0006520696E636F72726563740A0000000032
:1086F000747970652D7361666520415049207465F9
:108700007374202D20616C6C204150497320776F69
:10871000726B696E6720636F72726563746C790047
:10872000747970652D7361666520415049207465C8
:108730007374202D20736F6D65204150497320663E
:1087400061696C65640000002DE9F04186B04FF06E
:108750000F08002500260027002427E0244901EB0C
:108760000411087901AB02AA03A900F08DFA40B107
:108770006D1C1F4800EB041001791EA0F8F742FEA3
:1087800012E01B4800EB0410007B9DF808108842A3
:1087900000D07F1C164800EB0410407B9DF80410AD
:1087A000884200D0761C00BF601CC4B24445D5DBB3
:1087B0001EB915A001F046FF02E013A001F032FF40
:1087C0001FB915A001F03EFF02E013A001F02AFF3F
:1087D0001DB915A001F036FF02E013A001F022FF41
:1087E0001DB9002006B0BDE8F0814FF0FF30F9E779
:1087F00070000020676574206661696C2C6B657978
:108800003A25640A00000000747970655F65727231
:1088100020766572696679006C656E5F657272209C
:108820007665726966790000696E7465677269744D
:108830007920766572696679000000002DE9F04FB5
:10884000A1B0002020901F9000F0C6FA804641465B
:10885000D1A0F8F7D7FDB8F1050F71D2DFE808F025
:10886000031221EFEE000320F9F722FA0446601C00
:10887000C11700EB91718910A0EB8105CFA0F8F72B
:10888000C1FD55E10220F9F713FA0446601CC11737
:1088900000EB91718910A0EB8105CEA0F8F7B2FD35
:1088A00046E1D3A0F8F7AEFD0220F9F701FA04463D
:1088B0000420F9F7FDF9054604EB4400D34951F8CB
:1088C000200000F1200604EB440051F8200000F5E0
:1088D00000601E90202116A8F7F761FC20210EA849
:1088E000F7F75DFC202106A8F7F759FC4FF00009C7
:1088F0002BE0202216A9304601F050FB00B124E005
:1089000016A8F9F7FBFAA0B1202216A90EA8F7F7CE
:108910002DFC0EA8F9F795FB00F0FF0BBBF1010F42
:1089200001D1209600E0209609F101001FFA80F99C
:1089300009E09DF86800FF2803D02036209609E062
:10894000F3E0209606E0203600BF06F120001E99D5
:108950008842CED300BF1E98801B04EB4401AB4A73
:1089600002EB8101088104EB4400114601EB800019
:10897000A0F80A904FF0000905EB450051F82000DF
:1089800000F1200705EB450051F8200000F5006AD2
:1089900078E0202216A9384601F000FB00B171E012
:1089A00016A8F9F7ABFA00286AD0202216A906A863
:1089B000F7F7DCFB9DF82A009DF84A1088425BD14E
:1089C0009DF82B009DF84B10884255D19DF82B2027
:1089D00013A90BA8F7F703FC00284DD10EA8F9F74F
:1089E00030FBC0B2059006A8F9F72BFB00F0FF0B97
:1089F0000598012824D1BBF1020F21D1022201A93F
:108A00002098F9F725FB48B100BF40F2433380A21C
:108A100086A187A0F8F7F6FC00BFFEE73846F9F715
:108A2000FBFA48B100BF40F2493379A27FA180A090
:108A3000F8F7E8FC00BFFEE71F9727E038E036E0D4
:108A40000598022817D1BBF1020F0FD13846F9F76C
:108A5000E3FA48B100BF4FF455736DA273A174A03F
:108A6000F8F7D0FC00BFFEE71F970FE0BBF1040F43
:108A700001D11F970AE000BF09F101001FFA80F938
:108A8000203700BF07F12000504582D300BFAAEB7A
:108A9000070005EB45015D4A02EB8101088105EB0A
:108AA0004500114601EB8000A0F80A9063E000BF8A
:108AB0006A48F8F7A7FCB8F1040F04D10020F9F7D1
:108AC000F7F8044603E00420F9F7F2F80446002C16
:108AD00004DA4FF0FF3021B0BDE8F08FE0B2F8F7D4
:108AE000CBFCE0B203220021F9F72CFF4FF4FC602D
:108AF00004EB4401454A02EB81010881002004EBAC
:108B0000440102EB810148810320F9F7D1F80446C2
:108B1000002C02DA4FF0FF30DDE7601CC11700EBDC
:108B200091718910A0EB810502E04FF0FF30D2E790
:108B300000BF04EB4400354951F82000203020905C
:108B400005EB450051F8200020301F9004EB440253
:108B50000B4603EB82025179E0B20222F9F7F2FEF2
:108B600005EB4502294B03EB82025179E8B204225E
:108B7000F9F7E8FE00BF29462046DDE91F32F8F785
:108B800037FD10B14FF0FF30A5E735A0F8F73AFCFC
:108B90002046F9F7EDFD9EE75374617274696E67C4
:108BA000204743206F7065726174696F6E2C20736B
:108BB00074617475733D25640A00000045464C419C
:108BC00053485F5354415455535F4E4F524D414C9F
:108BD0000A00000045464C4153485F5354415455E8
:108BE000535F47435F505245504152450A000000D1
:108BF00045464C4153485F5354415455535F474396
:108C00005F4D4947524154494E470A0060010020D8
:108C10004150505C666C6173685C456D626564646C
:108C20006564466C6173682E6300000030000000CC
:108C300045464C41534820415353455254204641E8
:108C4000494C45443A2025732C2066696C652025E3
:108C5000732C206C696E652025640A00D8AE00086C
:108C60004743206F7065726174696F6E20636F6D2A
:108C7000706C657465642073756363657373667582
:108C80006C6C790A000000002DE9F0418AB00646BC
:108C90000F46144698461FB114B1B8F1000F08D121
:108CA000314623A0F8F7AEFB4FF0FF300AB0BDE825
:108CB000F08100200990202101A8F7F770FA3046D2
:108CC000F8F75AFE054635B9314624A0F8F79AFB65
:108CD0004FF0FF30EAE709AA01A92846F8F76EFE2F
:108CE00030B1314622A0F8F78DFB4FF0FF30DDE7C1
:108CF0009DF8170020709DF8150088F80000207876
:108D00000A2808DD217833460A222448F8F77AFB3E
:108D10004FF0FF30CAE7227806A93846F7F726FA5F
:108D2000227831461EA02B68F8F76CFB0020BDE7C7
:108D3000496E76616C696420696E70757420666F27
:108D40007220676574206F7065726174696F6E3A26
:108D5000206B65793D25640A000000004B65792091
:108D60006E6F7420666F756E643A2025640A000089
:108D70004661696C656420746F2066696E64206C5E
:108D80006174657374207265636F726420666F72BC
:108D9000206B65793D25640A0000000068AF00087B
:108DA000476574206F7065726174696F6E207375AA
:108DB000636365737366756C20666F72206B65798B
:108DC0003D25642C206C656E3D25642C2061646417
:108DD000723D307825780A002DE9F04F89B00024E3
:108DE000002500270026A046202101A8F7F7D7F983
:108DF000A1462DE009F0FF0001A9F9F76DFD20B1B2
:108E000008F1010000F0FF0820E0052103A8F9F7B0
:108E10005FF800F0FF0BBBF1010F0FD0BBF1020FA9
:108E200009D0BBF1030F03D0BBF1040F0CD108E054
:108E3000601CC4B208E0681CC5B205E0781CC7B26B
:108E400002E0701CC6B200BF00BF00BF09F10109FB
:108E5000B9F1040FCEDB4FF0090A012D03DC012C20
:108E600001DC012E02DD4FF0080A51E044B93DB9A2
:108E700037B92EB9B8F1040F02D14FF0050A47E017
:108E8000012C09D145B9012F06DB2EB9B8F1000F2D
:108E900002D14FF0000A3BE04CB9012D07D1012F60
:108EA00005DB26B9B8F1000F01D1AA4630E05CB964
:108EB000012D09D1012F07DB012E05D1B8F1000FDB
:108EC00002D14FF0020A23E054B94DB9012F07DB5C
:108ED000012E05D1B8F1000F02D14FF0030A17E0BF
:108EE0004CB945B9012F06DB2EB9B8F1010F02DBF1
:108EF0004FF0040A0CE0B8F1000F09DD002F05DC8B
:108F0000002E03DC002C01DC002D01DD4FF0060AF1
:108F1000504609B0BDE8F08F01460D2919D2DFE8AF
:108F200001F018070E08090B0C0F1012131516008C
:108F300000BF00BF0120704700BF0220FBE700BF59
:108F400000BF0420F7E700BF0820F4E700BF0020BF
:108F5000F1E70020EFE701460D2919D2DFE801F023
:108F600018070E08090B0C0F10121315160000BF7E
:108F700000BF0120704700BF0220FBE700BF00BF19
:108F80000420F7E700BF0820F4E700BF0020F1E766
:108F90000020EFE7F8B507460D4643A0F8F732FA90
:108FA0004C494DA0F8F72EFA4FF4006155A0F8F7A0
:108FB00029FA04215CA0F8F725FA202163A0F8F72C
:108FC00021FA08216EA0F8F71DFA102179A0F8F710
:108FD00019FA202183A0F8F715FA10218CA0F8F7D0
:108FE00011FA102196A0F8F70DFA20219FA0F8F7AA
:108FF00009FA002414E004EB4400A74901EB8000C7
:109000008079009004EB440001EB8000437904EB8D
:10901000440051F820202146A0A0F8F7F3F9641C81
:10902000042CE8DB00BF17B10DB1FF2D02DD4FF0BE
:10903000FF30F8BDA8480760A8480570FFF7CCFED0
:1090400006463146A6A0F8F7DDF90A2E16D2DFE86B
:1090500006F00511121314060D0E0F1014E0F9F7A7
:1090600005FE10B14FF0FF30E3E712E014E013E02B
:1090700012E011E000BF00BF00BF00E00CE0F9F714
:109080004DFEFFF7DBFB00BFF9F748FEF9F709FEDD
:1090900000BFF9F737FDCCE7F9F7E8FD10B14FF065
:1090A000FF30C6E7BFE70000456D62656464656434
:1090B000466C6173683A205374617274696E6720FC
:1090C000696E697469616C697A6174696F6E2E2E5C
:1090D0002E0A000000000608456D62656464656440
:1090E000466C6173683A204B565F534543544F5268
:1090F0005F53544152545F414444523D30782530CF
:1091000038580A00456D626564646564466C617335
:10911000683A204B565F534543544F525F53495A68
:10912000453D25640A000000456D62656464656420
:10913000466C6173683A204B565F534543544F5217
:109140005F434F554E543D25640A0000456D6265EE
:1091500064646564466C6173683A2073697A656F0C
:109160006628736563746F725F6865616465725FBA
:1091700074293D25642062797465730A000000003B
:10918000456D626564646564466C6173683A20533A
:109190004543544F525F5354415455535F544142D9
:1091A0004C455F53495A453D256420627974657387
:1091B0000A000000456D626564646564466C617315
:1091C000683A20534543544F525F524F4C455F54C9
:1091D00041424C455F53495A453D256420627974AC
:1091E00065730A00456D626564646564466C61730D
:1091F000683A2073697A656F66284B565F526563DB
:109200006F7264293D25642062797465730A0000D9
:10921000456D626564646564466C6173683A204BB1
:10922000565F5354415455535F5441424C455F532C
:10923000495A453D25642062797465730A0000002F
:10924000456D626564646564466C6173683A204B81
:10925000565F4D414749435F4F46465345543D2570
:10926000642062797465730A00000000456D6265D0
:1092700064646564466C6173683A2045464C4153AA
:10928000485F57524954455F4752414E3D2564203F
:10929000626974730A00000060010020456D626518
:1092A00064646564466C6173683A20536563746FE7
:1092B000725B25645D20616464723D3078253038CE
:1092C000582C207374617475733D25642C20726F63
:1092D0006C653D25640A0000900100209401002087
:1092E000456D626564646564466C6173683A2043E9
:1092F000757272656E74207374617475733D256444
:109300000A0000002DE9FC4771A0F8F77BF87C48C3
:1093100001697CA0F8F776F87948007E00EB400000
:10932000804C54F820307648027E41697EA0F8F7E0
:1093300069F88AA0F8F766F8002452E0704850F8FF
:1093400024603046F7F729F880468B49F6F7ACFFE2
:1093500007468A49F6F7DAFF81464846F7F722F8CA
:10936000CDE9000104EB44006E4951F8202033465A
:10937000214683A0F8F746F88D494846F7F726F8C6
:1093800003D28CA0F8F73EF81DE08C494846F7F769
:109390001DF803D28AA0F8F735F814E08B49484647
:1093A000F7F714F803D28AA0F8F72CF80BE08A49F3
:1093B0004846F7F70BF803D288A0F8F723F802E045
:1093C00089A0F8F71FF84E48007EA04205D14C480E
:1093D000406910B187A0F8F715F88AA0F8F712F8DD
:1093E000641C042CAADB46490869F6F7D6FF04463C
:1093F0004FF08141F6F78AFF05462846F6F7D2FF7F
:10940000064632460B4680A0F7F7FCFF00212846AF
:10941000F6F7E6FF32D23A494869F6F7BEFF06464C
:109420002946F6F773FF04462046F6F7BBFF0646CB
:1094300032460B467CA0F7F7E5FF4FF07F51204600
:10944000F6F7C4FF03D280A0F7F7DCFF15E04FF07A
:1094500080412046F6F7BAFF03D27FA0F7F7D2FF8C
:109460000BE07F492046F6F7B1FF03D27DA0F7F766
:10947000C9FF02E07DA0F7F7C5FF00BF20484069A3
:1094800000281FD01E48406942F210710C1A214674
:1094900081A0F7F7B7FF1A48406942F2107188427D
:1094A00003D38BA0F7F7AEFF0BE015494869F6F739
:1094B00074FF06469249F6F793FF02D891A0F7F79A
:1094C000A1FF00BF9BA0F7F79DFFBDE8FC87000050
:1094D0000A3D3D3D3D3D3D3D3D3D3D20466C61737A
:1094E000682045726173652053746174697374698F
:1094F0006373203D3D3D3D3D3D3D3D3D3D0A00000A
:1095000054060020546F74616C206572617365208D
:109510006F7065726174696F6E733A20256C750A9D
:1095200000000000600100204D61782065726173C9
:109530006520636F756E743A202020202020202043
:10954000256C752028536563746F72202564206133
:109550007420307825303858290A00000A50657286
:109560002D736563746F7220657261736520636F1C
:10957000756E74733A0A00000000C84200401C4631
:109580002020536563746F7220256420283078256D
:10959000303858293A2025356C752065726173651D
:1095A000732028252E3266252520776561722900D3
:1095B0000000C841205B4C4F575D0000000048424E
:1095C000205B4D454449554D5D000000000096422A
:1095D000205B484947485D000000B442205B43528D
:1095E00049544943414C5D00205B44414E4745523C
:1095F000215D0000203C2D2D204D61782077656194
:10960000720000000A0000000A4176657261676519
:1096100020657261736520636F756E743A20202037
:1096200020252E31660A0000576561722062616C48
:10963000616E636520726174696F3A20202020207A
:10964000252E32662000000028457863656C6C6525
:109650006E74290A0000000028476F6F64290A0011
:10966000000040402846616972290A0028506F6F47
:1096700072202D20436F6E736964657220696D706E
:10968000726F76696E672077656172206C657665AA
:109690006C696E67290A0000457374696D617465B1
:1096A000642072656D61696E696E673A20202020C2
:1096B000256C7520657261736573206F6E206D6F08
:1096C000737420776F726E20736563746F720A0013
:1096D0000A5B5741524E494E475D20466C617368A4
:1096E00020686173206578636565646564207261D4
:1096F00074656420656E647572616E6365210A002D
:1097000000A00C460A5B5741524E494E475D204629
:109710006C61736820697320617070726F61636837
:10972000696E6720656E64206F66206C69666521CE
:109730000A0000003D3D3D3D3D3D3D3D3D3D3D3D43
:109740003D3D3D3D3D3D3D3D3D3D3D3D3D3D3D3D49
:109750003D3D3D3D3D3D3D3D3D3D3D3D3D3D3D3D39
:109760000A0A00002DE9FF4F97B0814615461F46B3
:109770002B463A464946ABA0F7F744FE189800B18D
:109780004DB92A464946AFA0F7F73CFE4FF0FF30EF
:109790001BB0BDE8F08F3846FFF7DDFB8046B8F11F
:1097A000000F0ADD454514D02B4642464946B2A07B
:1097B000F7F728FE4FF0FF30EAE70DB10A2D08DD7C
:1097C0000A232A464946B848F7F71CFE4FF0FF30F7
:1097D000DEE74846F8F7D0F8044634B94946B3A066
:1097E000F7F710FE4FF0FF30D2E7607BB84208D0A9
:1097F000627B3B464946B2A0F7F704FE4FF0FF30CC
:10980000C6E720210FA8F6F7CAFC22460FA920467A
:10981000F8F7D4F810B14FF0FF30B9E79DF84F00DA
:10982000A84207D12A4614A81899F6F7D8FC08B917
:109830000020ADE7FF2220210FA8F6F7A9FCA52004
:109840008DF84C008DF84D708DF84E908DF84F507E
:109850000A2D08DD4B460A222946A7A0F7F7D2FDBC
:109860004FF0FF3094E70A2114A8F6F798FC2A4637
:1098700014A81899F6F77AFC0C210DF14E00F9F7AF
:1098800070FBADF85A0000200E900EA90FA8F9F752
:1098900069FA28B1A8A0F7F7B5FD4FF0FF3077E7D8
:1098A00002220AA90E98F8F7D3FB60B1A8A0F7F737
:1098B000A9FD00BF40F22E23ADA2B4A1B4A0F7F7DA
:1098C000A1FD00BFFEE70AA80FC80FAE0FC62068B3
:1098D0000E99884210D02068F8F79EFB60B1B7A0BF
:1098E000F7F790FD00BF40F23723A1A2A7A1A8A0DF
:1098F000F7F788FD00BFFEE70E9820609DF84F0047
:1099000020739DF84D0060730320A0732A46A06861
:109910001899F6F72BFC202102A8F6F740FC20222C
:1099200002A90E9800F03AFB002873D120220FA95B
:1099300002A8F6F754FC00286BD04946A6A00E9A60
:10994000F7F760FDACA0F7F75DFD9DF84F000090C4
:109950009DF84E309DF84D209DF84C10ABA0F7F7C8
:1099600051FDB8A0F7F74EFD002605E014A8815D73
:10997000B7A0F7F747FD761C0A2EF7DBBDF85A10A3
:10998000B5A0F7F73FFDB8A0F7F73CFD9DF81B0029
:1099900000909DF81A309DF819209DF818109BA092
:1099A000F7F730FDA7A0F7F72DFD002605E007A883
:1099B000815DA7A0F7F726FD761C0A2EF7DBBDF820
:1099C0002610A5A0F7F71EFDACA0F7F71BFD0DF1C3
:1099D0003C0A0DF1080B002614E01AF806001BF8EB
:1099E000061088420DD01AF806001BF806104840F1
:1099F00000901BF806301AF806203146A3A0F7F7AE
:109A000001FD761C202EE8D34FF0FF30C0E601E0C8
:109A1000FFE700BF4946ACA00E9AF7F7F3FC002021
:109A2000B6E600005B5345545D206B65793D2564C7
:109A30002C20747970653D25642C206C656E3D2565
:109A4000640A0000496E76616C696420696E707505
:109A50007420666F7220736574206F706572617414
:109A6000696F6E3A206B65793D25642C206C656EBC
:109A70003A25640A00000000496E76616C69642032
:109A80006C656E67746820666F72206B65793D2522
:109A9000643A2065787065637465643D25642C20A4
:109AA000676F743D25640A00B4AD00084B657920EA
:109AB0006E6F7420666F756E643A2025640A00002C
:109AC000496E76616C696420646174612074797098
:109AD0006520666F72206B65793D25643A20657854
:109AE0007065637465643D25642C206163747561E1
:109AF0006C3D25640A000000435249544943414CDF
:109B00003A206C656E6774683D25642065786365EE
:109B1000656473204B565F4D41585F56414C554527
:109B20005F53495A453D256420666F72206B657905
:109B30003D25640A000000005F77726974655F72FA
:109B400065636F7264206661696C0D0A0000000035
:109B500077726974652045464C4153485F4B565FA8
:109B60005752495445206661696C0D0A0000000097
:109B70004150505C666C6173685C456D62656464FD
:109B80006564466C6173682E63000000300000005D
:109B900045464C4153482041535345525420464179
:109BA000494C45443A2025732C2066696C65202574
:109BB000732C206C696E652025640A0064656C65F1
:109BC0007465206F6C64207265636F7264206661D7
:109BD000696C0D0A0000000056455249465920465E
:109BE00041494C3A206B65793D25642C20616464C1
:109BF000723D307825780A00457870656374656435
:109C0000207265636F72643A0A00000020206D6163
:109C10006769633D3078253032582C206461746167
:109C20005F747970653D25642C206B65793D2564F2
:109C30002C2076616C75655F6C656E6774683D2578
:109C4000640A0000202076616C75653A20000000EF
:109C500025303258200000000A20206372633D3016
:109C600078253034580A00005265616420626163CF
:109C70006B207265636F72643A0A0000446966661D
:109C80006572656E6365733A0A00000020206F6696
:109C9000667365742025643A206578706563746521
:109CA000643D3078253032582C2061637475616CC6
:109CB0003D3078253032582C20646966663D307816
:109CC000253032580A000000536574206F706572A9
:109CD0006174696F6E207375636365737366756C09
:109CE00020666F72206B65793D25642C6164647217
:109CF0003A307825780A000038B505460C460094BD
:109D000001231A4669462846FFF72CFD38BD13B5D6
:109D100004460223042201A92046FFF723FD1CBDAF
:109D200070B505460E46144616B10CB10A2C07DD77
:109D30002246294606A0F7F765FB4FF0FF3070BDBD
:109D40000C23224631462846FFF70CFDF7E70000BA
:109D5000496E76616C69642068657820646174611D
:109D600020666F72206B65793D25642C206C656ED2
:109D70006774683D25640A0013B504460623022271
:109D800001A92046FFF7EEFC1CBD13B504460823CD
:109D9000042201A92046FFF7E5FC1CBD1FB50446BF
:109DA0000A23082202A92046FFF7DCFC04B010BDFC
:109DB00013B504460423012201A92046FFF7D2FC73
:109DC0001CBD000070B506460D4635B931460EA0E3
:109DD000F7F718FB4FF0FF3070BD2846F6F7EAF9A9
:109DE000C4B2601C0A2807DD224631460FA0F7F7EF
:109DF00009FB4FF0FF30EFE7601CC2B20B2329468E
:109E00003046FFF7AFFCE7E7496E76616C69642086
:109E1000737472696E672076616C756520666F7207
:109E2000206B65793D25640A000000005374726957
:109E30006E6720746F6F206C6F6E6720666F722084
:109E40006B65793D25642C206C656E6774683D25D3
:109E5000640A000013B504460523022201A9204626
:109E6000FFF780FC1CBD13B504460723042201A99B
:109E70002046FFF777FC1CBD1FB5044609230822C6
:109E800002A92046FFF76EFC04B010BD13B50446CE
:109E90000323012201A92046FFF764FC1CBD00003A
:109EA0002DE9F04704460E464FF00009B4F1006F6B
:109EB00007D31F48844204D81EB1001B401CB04287
:109EC00002D20420BDE8F087C4F30A0028B121467D
:109ED00018A0F7F797FA0420F4E74FEAD628C6F35C
:109EE0000A0008B108F10108F6F70EFE3520F6F772
:109EF00085FD002515E04FF4006101FB0540F6F7F4
:109F000083FD0746042F0BD04FF001094FF400608A
:109F100000FB05423B46294611A0F7F773FA02E021
:109F20006D1C4545E7D300BFF6F7AEFD4846C9E7CF
:109F3000FFFF0708466C6173683A204164647265EC
:109F40007373206E6F74207061676520616C696740
:109F50006E65643A203078253038580A00000000D9
:109F6000466C6173683A2045726173652066616969
:109F70006C656420617420706167652025642C2005
:109F8000616464723D3078253038582C20737461D8
:109F90007475733D25640A000020704770B5034650
:109FA00000260D46B3F1006F07D30A48834204D858
:109FB000C01A401C904200D309B9042070BD00248F
:109FC00004E018782870641C5B1C6D1C9442F8D364
:109FD0003046F3E7FFFF07087CB50646002544A09E
:109FE000006801900020009042A0F7F70BFA31467C
:109FF0004AA0F7F707FA4FA0F7F704FA4FF4006109
:10A000003046FFF74DFF05462DB129464FA0F7F723
:10A01000F9F928467CBD56A0F7F7F4F95BA0F7F7ED
:10A02000F1F9042269463046FFF7B8FF05462DB125
:10A0300029465CA0F7F7E6F92846EBE700240CE098
:10A040001DF80400FF2807D01DF8042021465E48B3
:10A05000F7F7D8F90120DDE7641C042CF0D35BA0EE
:10A06000F7F7D0F962A0F7F7CDF9042201A930463D
:10A0700000F054F905462DB1294664A0F7F7C2F95E
:10A080002846C7E76AA0F7F7BDF970A0F7F7BAF955
:10A0900000200090042269463046FFF77FFF054606
:10A0A0002DB129463FA0F7F7ADF92846B2E70024C5
:10A0B00010E01DF8040001A9095D884209D01DF8CF
:10A0C000043001A8025D214669A0F7F79BF9022040
:10A0D000A0E7641C042CECD375A0F7F793F97DA0DE
:10A0E000F7F790F987A0F7F78DF9002092E70000C5
:10A0F0005AA566770A3D3D3D3D3D3D3D3D3D3D20F8
:10A10000466C61736820506F7274205465737420BC
:10A110003D3D3D3D3D3D3D3D3D3D0A005465737433
:10A1200020416464726573733A2030782530385862
:10A130000A000000312E2045726173696E67204667
:10A140006C6173682E2E2E0A00000000E29D8C20A8
:10A15000466C617368206572617365206661696C25
:10A1600065642C206572726F723D25640A000000E0
:10A17000E29C8520466C617368206572617365207E
:10A180007375636365737366756C0A00322E2056AF
:10A190006572696679696E672065726173652E2ED6
:10A1A0002E0A0000E29D8C20466C61736820726567
:10A1B0006164206661696C65642C206572726F72DF
:10A1C0003D25640A00000000F8AF0008E29C8520ED
:10A1D0004572617365207665726966696361746949
:10A1E0006F6E207375636365737366756C0A000028
:10A1F000332E2057726974696E67207465737420FA
:10A20000646174612E2E2E0A00000000E29D8C20F5
:10A21000466C617368207772697465206661696C49
:10A2200065642C206572726F723D25640A0000001F
:10A23000E29C8520466C61736820777269746520A2
:10A240007375636365737366756C0A00342E2052F0
:10A25000656164696E6720616E6420766572696607
:10A2600079696E6720646174612E2E2E0A000000E9
:10A27000E29D8C2044617461206D69736D6174632B
:10A2800068206174206F66667365742025643A20C7
:10A2900065787065637465643D3078253032582C7C
:10A2A0002061637475616C3D3078253032580A0046
:10A2B000E29C8520446174612076657269666963F9
:10A2C0006174696F6E207375636365737366756C13
:10A2D0000A0000003D3D3D3D3D3D3D3D3D3D2046AC
:10A2E0006C61736820506F727420546573742043DE
:10A2F0006F6D706C657465203D3D3D3D3D3D3D3D60
:10A300003D3D0A00E29C8520416C6C2074657374AD
:10A310007320706173736564210A0A002DE9F843A4
:10A3200004460D4617464FF00009B4F1006F07D3FD
:10A330001848844204D8001B401CB84200D315B909
:10A340000420BDE8F883F6F7DFFB3520F6F756FB6F
:10A350004FF0000817E020462968F6F79FFB2668B3
:10A360002868B0420BD04FF0020928687040009076
:10A370003346214608482A68F7F744F805E008F113
:10A3800004082D1D241DB845E5D300BFF6F77CFB5E
:10A390004846D6E7FFFF070844B0000870B50446FA
:10A3A0000D46E1B20020F6F76FFDE1B20548F6F781
:10A3B000E8FF00BF80210348F6F715FF0028F9D019
:10A3C000204670BD003801401FB5002500BF00BF0A
:10A3D00038A30FCB8DE80F004820F6F727FE4FF487
:10A3E000A060F6F7CBFCF6F773FC4FF4E130F6F71C
:10A3F00089FE34A0F7F706F834A0F7F703F83F4ECC
:10A4000031463FA0F6F7FEFFFFF7C6FD3046FFF7E7
:10A41000E3FD18B944A0F6F7F5FF02E04AA0F6F70D
:10A42000F1FF51A0F6F7EEFFF6F722FC4FF40051D2
:10A430005848FFF735FD10B157A0F6F7E3FF0024A9
:10A4400020E0641C58A0F6F7DDFFFBF7F1FF07469C
:10A4500062A0F6F7D7FF21466DA0F6F7D3FF03E021
:10A460004EF66020F8F7A2FD781C0028F8D041F2E3
:10A470008830F8F79BFDFEF745FF41F28830F8F78A
:10A4800095FD00BF0A2CDCD312E0681CC5B2142075
:10A4900095FBF0F100FB115038B96148006808B92C
:10A4A000012000E000205E4908600A20F8F77EFDE8
:10A4B000EBE7000048656C6C6F20576F726C64218D
:10A4C000000000006D61696E0D0A00000A3D3D3D0F
:10A4D0003D3D3D3D3D3D3D20466C61736820506FE4
:10A4E00072742054657374204578616D706C6520BA
:10A4F0003D3D3D3D3D3D3D3D3D3D0A0000E0070801
:10A5000054657374696E6720466C61736820706F60
:10A51000727420617420616464726573733A2030D0
:10A5200078253038580A0000E29C8520466C61731B
:10A530006820706F72742074657374207061737317
:10A540006564210A00000000E29D8C20466C617366
:10A550006820706F72742074657374206661696C12
:10A560006564210A000000003D3D3D3D3D3D3D3D0F
:10A570003D3D20466C617368205465737420436FC1
:10A580006D706C657465203D3D3D3D3D3D3D3D3DFF
:10A590003D0A0A0000000608657261736520666165
:10A5A000696C200A000000000D0A0D0A2A2A2A2AD6
:10A5B0002A2A2A2A202020202020737461727420E5
:10A5C0002020202020202020202020202A2A2A2A63
:10A5D0002A2A2A2A2A2A2A2A0D0A00002A2A2A2A6C
:10A5E0002A2A2A2A202020202020656E642020206C
:10A5F0002020202020202020202020202A2A2A2A33
:10A600002A2A2A2A2A2A2A2A0D0A0D0A00000000CC
:10A61000746573745F636F756E743A25640000002F
:10A620008001224210B50446214602A0F6F7EAFE58
:10A6300010BD00005B585D204641494C202D20256F
:10A64000730A000010B50446214602A0F6F7DAFEB0
:10A6500010BD00005B4F4B5D2050415353202D2017
:10A6600025730A0070B504460D460DB904A000E03C
:10A6700005A00246214606A0F6F7C4FE70BD000004
:10A6800050415353454400004641494C4544000065
:10A690003D3D3D3D3D3D3D3D3D3D202573202573E8
:10A6A000203D3D3D3D3D3D3D3D3D3D0A0A00000014
:10A6B00010B50446214602A0F6F7A4FE10BD000026
:10A6C0000A3D3D3D3D3D3D3D3D3D3D202573203D09
:10A6D0003D3D3D3D3D3D3D3D3D0A000010B50F2453
:10A6E00021460248FEF756FC10BD00007000002015
:10A6F00030313233343536373839414243444546B8
:10A700000000000000005454522052454747455372
:10A71000000000005468697320697320746F6F2013
:10A720006C6F6E6700000000A1030000ACAD000874
:10A7300000000000000000002A000000A305000047
:10A74000A4AD00080000000000000000D2040000DA
:10A75000A408000080AD0008000000000000000018
:10A76000D2E9FFFFA20300009CAD0008000000003A
:10A770000000000063000000A705000090AD000885
:10A7800000000000000000000F270000A8080000E3
:10A7900088AD00080000000000000000F1D8FFFFB5
:10A7A0005B585D20535452494E4720766572696666
:10A7B00079206661696C65642061742069746572D2
:10A7C0006174696F6E2025643A2077726F74653DFD
:10A7D000272573272C20726561643D272573270A7E
:10A7E000000000005B4F4B5D204845583A20526501
:10A7F000636F766572656420636F72726563746CF3
:10A8000079202876616C75653D5B3078253032584B
:10A810002C203078253032582C2030782530325892
:10A820002C203078253032585D290A000A2D2D2D34
:10A8300020416C6C20646174612077726974746566
:10A840006E207375636365737366756C6C792C2009
:10A8500073696D756C6174696E6720706F7765726E
:10A86000206C6F73732E2E2E202D2D2D0A000000CC
:10A870003D3D3D3D3D3D3D3D3D3D20537461727448
:10A88000696E6720436F6D70726568656E73697677
:10A890006520466C6173682053746F726167652030
:10A8A00054657374205375697465203D3D3D3D3D8D
:10A8B0003D3D3D3D3D0A00005B4F4B5D20577269B9
:10A8C0007474656E204845583D5B307825303258A9
:10A8D0002C203078253032582C20307825303258D2
:10A8E0002C203078253032585D20746F206B6579CC
:10A8F000203078253032580A000000005B585D2077
:10A90000435249544943414C3A20556E7375707017
:10A910006F7274656420646174612074797065205D
:10A92000256420617420697465726174696F6E209A
:10A9300025642C206B65793D3078253032580A002B
:10A940005B585D20696E7436342041504920766131
:10A950006C7565206D69736D617463683A20657804
:10A960007065637465643D3078253031366C6C58A1
:10A970002C20676F743D3078253031366C6C580A66
:10A98000000000005B585D2075696E74363420410C
:10A9900050492076616C7565206D69736D617463D3
:10A9A000683A2065787065637465643D3078253059
:10A9B00031366C6C582C20676F743D3078253031FF
:10A9C000366C6C580A0000005B585D2025732074BB
:10A9D000657374206661696C656420666F72206BB4
:10A9E0006579203078253032583A206461746120CE
:10A9F0006C656E677468202564206578636565649E
:10AA000073206275666665722073697A65202564B5
:10AA10000A0000005B585D206865782074657374D7
:10AA2000206661696C656420666F72206B657920B1
:10AA30003078253032583A2064617461206C656E3C
:10AA40006774682025642065786365656473206297
:10AA500075666665722073697A652025640A000050
:10AA60005B585D2068657820746573742066616941
:10AA70006C656420666F72206B65792030782530B4
:10AA800032582C206C656E3D25642C2065787065ED
:10AA9000637465643D352C20747970653D25640AC6
:10AAA000000000005B585D20737472696E6720744B
:10AAB000657374206661696C656420666F72206BD3
:10AAC0006579203078253032582C206C656E3D2514
:10AAD000642C2065787065637465643D25642C2062
:10AAE000747970653D25640A0000000047432073B7
:10AAF00074726573732074657374207772697465FA
:10AB0000206661696C656420617420726F756E6483
:10AB10002025642C206B6579202564202830782539
:10AB2000303258292C20646174615F747970653DFE
:10AB300025640A005B585D2054797065206D697347
:10AB40006D617463682061742069746572617469F1
:10AB50006F6E2025642C206B65793D30782530326E
:10AB6000583A2065787065637465643D25642C20CF
:10AB700061637475616C3D25640A00005B585D205B
:10AB80004C656E677468206D69736D6174636820CD
:10AB9000617420697465726174696F6E2025642C1C
:10ABA000206B65793D3078253032583A20657870D1
:10ABB00065637465643D25642C2061637475616C04
:10ABC0003D25640A000000005B585D2073747269C3
:10ABD0006E67204150492076616C7565206D697300
:10ABE0006D617463683A2065787065637465643D6F
:10ABF000272573272C20676F743D272573272C206A
:10AC00006C656E3D25642C206578706563746564A1
:10AC10005F6C656E3D25640A000000005445535486
:10AC2000204641494C45443A20476172626167655C
:10AC300020636F6C6C656374696F6E2073747265EA
:10AC40007373207465737420696E746567726974B8
:10AC50007920766572696669636174696F6E2066D2
:10AC600061696C65640A00005445535420464149AB
:10AC70004C45443A20506F776572206C6F73732097
:10AC8000737472657373207465737420696E746570
:10AC9000677269747920766572696669636174693F
:10ACA0006F6E206661696C65640A000054455354F8
:10ACB000204641494C45443A2044617461207479EE
:10ACC000706520636F6E73697374656E6379206954
:10ACD0006E746567726974792076657269666963F6
:10ACE0006174696F6E206661696C65640A000000BA
:10ACF0005B585D2055494E5436342076657269663E
:10AD000079206661696C656420617420697465727C
:10AD10006174696F6E2025643A2077726F74653DA7
:10AD2000256C6C752C20726561643D256C6C750A10
:10AD3000000000006578706563743A207B307844C9
:10AD4000452C20307841442C20307842452C20304E
:10AD50007845467D2C206765743A207B3078253015
:10AD600032582C203078253032582C20307825303D
:10AD700032582C203078253032587D0A00000000EF
:10AD8000696E743332000000696E7433325F3200D2
:10AD900075696E7431365F320000000075696E743B
:10ADA000385F320075696E743136000075696E74F3
:10ADB00038000000496E76616C6964206C656E67CE
:10ADC000746820666F72206B65793D25643A206C4B
:10ADD000656E6774683D256420286D757374206204
:10ADE0006520312D256420666F722076617269615D
:10ADF000626C65206C656E67746820747970657329
:10AE0000290A000047433A20526561642072656355
:10AE10006F7264202D206D616769633D3078253045
:10AE200032582C206B65793D25642C207374617435
:10AE300075733D25642C2076616C75655F6C656E5D
:10AE40003D25642C20646174615F747970653D25D3
:10AE5000642C206372633D3078253034580A00003A
:10AE60005F69735F6B765F7265636F72643A2043EC
:10AE70005243206D69736D6174636820666F722040
:10AE80006B65793D25642C207374617475733A2564
:10AE9000642C2076616C75655F6C656E6774683ACA
:10AEA00025642C20646174615F747970653A25644F
:10AEB0002C2063616C635F6372633D3078253034AE
:10AEC000582C2073746F7265645F6372633D3078D1
:10AED000253034580A00000045464C4153485F5322
:10AEE00054415455535F47435F41465445525F4D6B
:10AEF000494752415445EFBC8C45464C4153485F4D
:10AF00005354415455535F47435F41465445525F44
:10AF10004D4947524154455F574954485F454D504C
:10AF200054590A00457865637574696E6720474314
:10AF3000206F7065726174696F6E3A2047432054C8
:10AF4000656D7020536563746F723D25642C2044D9
:10AF5000617461204743696E6720536563746F7243
:10AF60003D25640A00000000435249544943414CC6
:10AF70003A2076616C75655F6C656E6774683D2517
:10AF8000642065786365656473204B565F4D415856
:10AF90005F56414C55455F53495A453D25642066EF
:10AFA0006F72206B65793D25640A00004352495455
:10AFB0004943414C3A2064656661756C7420766142
:10AFC0006C75655F6C656E6774683D256420657897
:10AFD0006365656473204B565F4D41585F56414C25
:10AFE00055455F53495A453D256420666F72206B75
:10AFF00065793D25640A0000E29D8C2045726173ED
:10B000006520766572696669636174696F6E206632
:10B0100061696C6564206174206F66667365742075
:10B0200025643A2065787065637465643D307846C0
:10B03000462C2061637475616C3D30782530325840
:10B040000A000000466C6173683A205772697465A3
:10B0500020766572696669636174696F6E206661E6
:10B06000696C6564206174203078253038582C2054
:10B0700065787065637465643D3078253038582C88
:10B080002061637475616C3D3078253038582C2010
:10B09000646966663D3078253038580A0000000043
:10B0A000C0B00008000000209C010000A0090008BA
:10B0B00098B100089C010020D41400006814000816
:10B0C000412D0102030404100906070809020406C1
:10B0D0000884A24A046918C11010050AF40118FC7A
:10B0E000FFFF44656661756C7427AABBCCDDEE0278
:10B0F000501030F8FFFFD00F494001CE24FA4042F3
:10B100000F4011F0DEBC9A78563412102143658747
:10B11000A9CBED32A122346420010332A29A35106A
:10B1200032A31A361063020532A41A3810630408D9
:10B1300032A51A3C1063080B32A62A4420620C3256
:10B14000A79A484032A89A4C4032A92A501019B404
:10B150004132AA2A5480620132AB2A55106204326D
:10B16000AC2A5650620632AD2A5840620732AE2AE7
:10B170006090620932AF2A6810420A3A06762AE0E5
:10B180002C2C08060863390C2C1006087F390C2C6F
:08B19000180608FB390CB100A0
:0400000508000131BD
:00000001FF
